Date,Ranks,Crypto,Symbol,Market Cap,Closing Price,Supply,
05/05/13,1,Bitcoin,BTC,"$1,288,693,216.22",115.91,"11,118,050 BTC",
05/05/13,2,Litecoin,LTC,"$62,298,217.32",3.59,"17,348,954 LTC",
05/05/13,3,Namecoin,NMC,"$6,290,543.05",1.15,"5,465,350 NMC",
05/05/13,4,Peercoin,PPC,"$5,718,446.46",0.30,"18,830,240 PPC",
05/05/13,5,Feathercoin,FTC,"$2,017,436.23",0.31,"6,444,650 FTC",
05/05/13,6,Freicoin,FRC,"$1,627,438.51",0.08,"20,057,908 FRC",
05/05/13,7,Terracoin,TRC,"$1,367,162.39",0.57,"2,407,150 TRC",
05/05/13,8,Devcoin,DVC,"$1,052,081.53",0.00,"4,406,170,112 DVC",
05/05/13,9,Novacoin,NVC,"$1,015,804.46",3.69,"275,503 NVC",
05/05/13,10,Mincoin,MNC,"$118,657.23",0.12,"1,023,701 MNC",
02/06/13,1,Bitcoin,BTC,"$1,373,839,383.45",122.29,"11,234,075 BTC",
02/06/13,2,Litecoin,LTC,"$49,625,738.78",2.73,"18,197,154 LTC",
02/06/13,3,Namecoin,NMC,"$4,038,794.14",0.71,"5,694,100 NMC",
02/06/13,4,Peercoin,PPC,"$2,899,779.44",0.15,"19,122,498 PPC",
02/06/13,5,Novacoin,NVC,"$1,117,980.01",3.90,"286,310 NVC",
02/06/13,6,Devcoin,DVC,"$674,189.93",0.00,"4,594,120,192 DVC",
02/06/13,7,Terracoin,TRC,"$662,838.49",0.24,"2,779,550 TRC",
02/06/13,8,Feathercoin,FTC,"$545,794.55",0.08,"6,661,250 FTC",
02/06/13,9,Freicoin,FRC,"$417,750.51",0.02,"21,086,442 FRC",
02/06/13,10,CHNCoin,CNC,"$287,451.99",0.06,"5,109,858 CNC",
07/07/13,1,Bitcoin,BTC,"$848,838,935.56",74.56,"11,384,475 BTC",
07/07/13,2,Litecoin,LTC,"$51,099,940.90",2.66,"19,235,004 LTC",
07/07/13,3,Namecoin,NMC,"$2,598,102.11",0.44,"5,946,293 NMC",
07/07/13,4,Peercoin,PPC,"$2,582,887.38",0.13,"19,571,310 PPC",
07/07/13,5,Novacoin,NVC,"$867,500.25",2.84,"305,695 NVC",
07/07/13,6,Feathercoin,FTC,"$711,870.60",0.08,"9,452,950 FTC",
07/07/13,7,Terracoin,TRC,"$519,200.27",0.17,"3,108,670 TRC",
07/07/13,8,Devcoin,DVC,"$276,948.24",0.00,"4,823,869,952 DVC",
07/07/13,9,Freicoin,FRC,"$223,994.42",0.01,"22,244,892 FRC",
07/07/13,10,Yacoin,YAC,"$108,880.76",0.03,"4,232,722 YAC",
04/08/13,1,Bitcoin,BTC,"$1,209,792,869.08",105.14,"11,506,100 BTC",
04/08/13,2,Litecoin,LTC,"$60,288,260.68",3.01,"20,034,580 LTC",
04/08/13,3,XRP,XRP,"$45,983,543.33",0.01,"7,817,889,792 XRP *",
04/08/13,4,Namecoin,NMC,"$3,844,310.07",0.62,"6,186,543 NMC",
04/08/13,5,Peercoin,PPC,"$3,194,186.00",0.16,"19,855,732 PPC",
04/08/13,6,Feathercoin,FTC,"$2,066,053.89",0.17,"12,436,600 FTC",
04/08/13,7,Novacoin,NVC,"$1,855,987.14",5.46,"340,114 NVC",
04/08/13,8,Primecoin,XPM,"$889,983.29",0.65,"1,371,864 XPM",
04/08/13,9,Terracoin,TRC,"$596,396.30",0.17,"3,523,110 TRC",
04/08/13,10,Devcoin,DVC,"$321,340.28",0.00,"5,010,169,856 DVC",
01/09/13,1,Bitcoin,BTC,"$1,610,215,304.37",138.34,"11,639,550 BTC",
01/09/13,2,Litecoin,LTC,"$53,930,594.93",2.58,"20,869,430 LTC",
01/09/13,3,XRP,XRP,"$45,239,802.42",0.01,"7,817,889,792 XRP *",
01/09/13,4,Namecoin,NMC,"$3,689,125.25",0.57,"6,488,343 NMC",
01/09/13,5,Peercoin,PPC,"$3,593,391.71",0.18,"20,135,716 PPC",
01/09/13,6,Feathercoin,FTC,"$2,258,187.28",0.15,"14,975,650 FTC",
01/09/13,7,Novacoin,NVC,"$1,552,776.08",4.07,"381,781 NVC",
01/09/13,8,Primecoin,XPM,"$1,167,915.89",0.62,"1,876,088 XPM",
01/09/13,9,Terracoin,TRC,"$668,094.33",0.18,"3,658,610 TRC",
01/09/13,10,Infinitecoin,IFC,"$369,518.55",0.00,"76,056,100,864 IFC",
06/10/13,1,Bitcoin,BTC,"$1,522,686,975.00",129.00,"11,803,775 BTC",
06/10/13,2,XRP,XRP,"$76,764,377.04",0.01,"7,817,889,792 XRP *",
06/10/13,3,Litecoin,LTC,"$47,387,871.44",2.17,"21,865,942 LTC",
06/10/13,4,Peercoin,PPC,"$9,526,224.06",0.46,"20,512,972 PPC",
06/10/13,5,Namecoin,NMC,"$3,921,037.64",0.57,"6,908,100 NMC",
06/10/13,6,Feathercoin,FTC,"$2,182,887.18",0.12,"18,393,050 FTC",
06/10/13,7,Novacoin,NVC,"$1,764,749.40",4.18,"422,229 NVC",
06/10/13,8,Primecoin,XPM,"$807,006.99",0.34,"2,406,103 XPM",
06/10/13,9,Terracoin,TRC,"$649,240.25",0.17,"3,901,450 TRC",
06/10/13,10,Bullion,CBX,"$282,231.13",0.34,"839,108 CBX",
03/11/13,1,Bitcoin,BTC,"$2,568,713,147.70",215.05,"11,944,725 BTC",
03/11/13,2,Litecoin,LTC,"$65,383,974.75",2.88,"22,672,692 LTC",
03/11/13,3,XRP,XRP,"$55,978,082.55",0.01,"7,817,889,792 XRP *",
03/11/13,4,Peercoin,PPC,"$8,269,006.54",0.40,"20,672,878 PPC",
03/11/13,5,Namecoin,NMC,"$4,196,113.79",0.58,"7,200,100 NMC",
03/11/13,6,Novacoin,NVC,"$1,991,593.65",4.25,"468,441 NVC",
03/11/13,7,Primecoin,XPM,"$1,943,272.47",0.68,"2,868,691 XPM",
03/11/13,8,Feathercoin,FTC,"$1,806,331.01",0.08,"21,537,400 FTC",
03/11/13,9,WorldCoin,WDC,"$777,203.28",0.03,"28,685,280 WDC",
03/11/13,10,Mincoin,MNC,"$752,030.26",0.54,"1,398,890 MNC",
01/12/13,1,Bitcoin,BTC,"$11,531,708,652.96",955.85,"12,064,350 BTC",
01/12/13,2,Litecoin,LTC,"$817,326,372.71",34.74,"23,529,942 LTC",
01/12/13,3,XRP,XRP,"$402,593,977.40",0.05,"7,817,889,792 XRP *",
01/12/13,4,Peercoin,PPC,"$133,213,784.09",6.39,"20,863,298 PPC",
01/12/13,5,Namecoin,NMC,"$62,668,948.41",8.42,"7,441,950 NMC",
01/12/13,6,Quark,QRK,"$61,041,537.07",0.25,"245,628,672 QRK",
01/12/13,7,Megacoin,MEC,"$31,753,577.99",1.51,"21,092,224 MEC",
01/12/13,8,BitShares PTS,PTS,"$24,532,015.38",24.71,"992,689 PTS *",
01/12/13,9,Feathercoin,FTC,"$24,154,271.26",0.98,"24,774,450 FTC",
01/12/13,10,Primecoin,XPM,"$18,467,629.33",5.54,"3,331,144 XPM",
01/11/14,1,Bitcoin,BTC,"$11,379,661,042.38",933.53,"12,189,925 BTC",
01/11/14,2,Litecoin,LTC,"$659,900,583.81",26.83,"24,595,942 LTC",
01/11/14,3,XRP,XRP,"$197,241,280.51",0.03,"7,817,889,792 XRP *",
01/11/14,4,Peercoin,PPC,"$152,073,508.09",7.23,"21,019,558 PPC",
01/11/14,5,Omni,OMNI,"$110,826,236.25",178.90,"619,478 OMNI *",
01/11/14,6,Nxt,NXT,"$63,360,014.02",0.06,"999,998,016 NXT *",
01/11/14,7,Namecoin,NMC,"$60,232,061.64",7.84,"7,681,043 NMC",
01/11/14,8,BitShares PTS,PTS,"$24,630,584.87",19.31,"1,275,693 PTS *",
01/11/14,9,Quark,QRK,"$21,670,928.49",0.09,"247,062,160 QRK",
01/11/14,10,Megacoin,MEC,"$18,931,093.85",0.88,"21,598,724 MEC",
06/12/14,1,Bitcoin,BTC,"$10,190,038,593.97",825.37,"12,346,025 BTC",
06/12/14,2,Litecoin,LTC,"$568,440,705.88",22.40,"25,376,204 LTC",
06/12/14,3,XRP,XRP,"$168,555,395.10",0.02,"7,817,889,792 XRP *",
06/12/14,4,Peercoin,PPC,"$121,775,514.33",5.77,"21,107,370 PPC",
06/12/14,5,Nxt,NXT,"$66,887,849.48",0.07,"999,998,016 NXT *",
06/12/14,6,Omni,OMNI,"$53,732,367.19",86.74,"619,478 OMNI *",
06/12/14,7,Dogecoin,DOGE,"$53,548,741.65",0.00,"41,857,077,248 DOGE",
06/12/14,8,Namecoin,NMC,"$43,247,803.90",5.46,"7,927,093 NMC",
06/12/14,9,Quark,QRK,"$24,838,589.61",0.10,"247,482,608 QRK",
06/12/14,10,BitShares PTS,PTS,"$20,423,494.21",14.44,"1,413,980 PTS *",
02/03/14,1,Bitcoin,BTC,"$6,978,523,797.83",559.79,"12,466,325 BTC",
02/03/14,2,Litecoin,LTC,"$333,811,790.16",12.74,"26,191,604 LTC",
02/03/14,3,Auroracoin,AUR,"$258,801,442.74",24.42,"10,597,976 AUR",
02/03/14,4,XRP,XRP,"$105,879,985.72",0.01,"7,817,889,792 XRP *",
02/03/14,5,Peercoin,PPC,"$63,829,755.97",3.01,"21,193,990 PPC",
02/03/14,6,Dogecoin,DOGE,"$53,288,533.34",0.00,"55,903,633,408 DOGE",
02/03/14,7,Nxt,NXT,"$44,079,428.63",0.04,"999,998,016 NXT *",
02/03/14,8,Omni,OMNI,"$32,479,881.59",52.43,"619,478 OMNI *",
02/03/14,9,Namecoin,NMC,"$26,843,614.44",3.29,"8,169,643 NMC",
02/03/14,10,Counterparty,XCP,"$12,469,808.78",4.71,"2,648,736 XCP *",
06/04/14,1,Bitcoin,BTC,"$5,808,862,088.79",460.50,"12,614,275 BTC",
06/04/14,2,Litecoin,LTC,"$317,256,245.49",11.64,"27,248,504 LTC",
06/04/14,3,XRP,XRP,"$64,471,699.28",0.01,"7,817,889,792 XRP *",
06/04/14,4,Peercoin,PPC,"$39,686,572.39",1.86,"21,289,340 PPC",
06/04/14,5,Dogecoin,DOGE,"$31,183,528.20",0.00,"67,799,293,952 DOGE",
06/04/14,6,Nxt,NXT,"$28,436,584.46",0.03,"999,997,120 NXT *",
06/04/14,7,Omni,OMNI,"$23,182,321.31",37.42,"619,478 OMNI *",
06/04/14,8,Auroracoin,AUR,"$19,809,788.52",1.86,"10,670,626 AUR",
06/04/14,9,Namecoin,NMC,"$16,532,305.26",1.96,"8,445,382 NMC",
06/04/14,10,BitShares PTS,PTS,"$7,743,858.35",4.91,"1,578,476 PTS *",
04/05/14,1,Bitcoin,BTC,"$5,554,781,871.21",436.40,"12,728,550 BTC",
04/05/14,2,Litecoin,LTC,"$289,709,891.41",10.32,"28,071,404 LTC",
04/05/14,3,Peercoin,PPC,"$44,692,398.30",2.09,"21,374,380 PPC",
04/05/14,4,XRP,XRP,"$39,279,332.33",0.01,"7,817,889,792 XRP *",
04/05/14,5,Dogecoin,DOGE,"$35,579,309.45",0.00,"75,990,417,408 DOGE",
04/05/14,6,Nxt,NXT,"$22,593,027.11",0.02,"999,997,120 NXT *",
04/05/14,7,Omni,OMNI,"$20,033,800.46",32.34,"619,478 OMNI *",
04/05/14,8,Namecoin,NMC,"$18,203,779.44",2.10,"8,675,732 NMC",
04/05/14,9,BlackCoin,BLK,"$9,885,921.42",0.13,"74,523,368 BLK *",
04/05/14,10,Dash,DASH,"$6,537,964.39",1.55,"4,217,081 DASH",
01/06/14,1,Bitcoin,BTC,"$8,094,127,199.29",630.23,"12,843,150 BTC",
01/06/14,2,Litecoin,LTC,"$321,886,161.81",11.14,"28,898,054 LTC",
01/06/14,3,Nxt,NXT,"$57,204,901.33",0.06,"999,997,120 NXT *",
01/06/14,4,Dash,DASH,"$56,209,180.93",12.93,"4,347,579 DASH",
01/06/14,5,Peercoin,PPC,"$43,310,327.77",2.02,"21,445,900 PPC",
01/06/14,6,Dogecoin,DOGE,"$32,411,576.04",0.00,"80,494,583,808 DOGE",
01/06/14,7,XRP,XRP,"$31,988,958.98",0.00,"7,817,889,792 XRP *",
01/06/14,8,Namecoin,NMC,"$20,355,604.12",2.28,"8,912,132 NMC",
01/06/14,9,BlackCoin,BLK,"$15,261,384.80",0.20,"74,543,768 BLK *",
01/06/14,10,Omni,OMNI,"$10,349,619.40",16.71,"619,478 OMNI *",
06/07/14,1,Bitcoin,BTC,"$8,258,182,479.31",635.81,"12,988,500 BTC",
06/07/14,2,Litecoin,LTC,"$213,119,460.00",7.11,"29,966,104 LTC",
06/07/14,3,Nxt,NXT,"$53,393,732.34",0.05,"999,996,992 NXT *",
06/07/14,4,Peercoin,PPC,"$33,130,241.50",1.54,"21,538,188 PPC",
06/07/14,5,Dash,DASH,"$29,617,771.23",6.66,"4,446,184 DASH",
06/07/14,6,XRP,XRP,"$21,969,921.09",0.00,"7,817,889,792 XRP *",
06/07/14,7,Dogecoin,DOGE,"$19,475,936.79",0.00,"86,077,079,552 DOGE",
06/07/14,8,Namecoin,NMC,"$16,534,915.73",1.80,"9,201,382 NMC",
06/07/14,9,Omni,OMNI,"$11,745,912.00",18.96,"619,478 OMNI *",
06/07/14,10,XCurrency,XC,"$9,965,987.76",1.81,"5,516,075 XC *",
03/08/14,1,Bitcoin,BTC,"$7,683,526,402.30",586.67,"13,096,925 BTC",
03/08/14,2,Litecoin,LTC,"$232,220,283.88",7.54,"30,808,104 LTC",
03/08/14,3,Nxt,NXT,"$47,615,311.60",0.05,"999,997,096 NXT *",
03/08/14,4,XRP,XRP,"$43,035,978.18",0.01,"8,252,600,677 XRP *",
03/08/14,5,Dash,DASH,"$26,266,328.73",5.80,"4,529,346 DASH",
03/08/14,6,Peercoin,PPC,"$24,256,434.80",1.12,"21,606,782 PPC",
03/08/14,7,BitShares,BTS,"$19,069,051.10",0.01,"1,999,775,140 BTS *",
03/08/14,8,Dogecoin,DOGE,"$18,035,618.77",0.00,"88,920,716,277 DOGE",
03/08/14,9,Namecoin,NMC,"$14,450,327.92",1.52,"9,500,600 NMC",
03/08/14,10,MaidSafeCoin,MAID,"$11,190,010.57",0.02,"452,552,412 MAID *",
07/09/14,1,Bitcoin,BTC,"$6,385,590,810.60",482.28,"13,240,475 BTC",
07/09/14,2,Litecoin,LTC,"$164,063,981.90",5.16,"31,819,746 LTC",
07/09/14,3,XRP,XRP,"$136,357,963.11",0.00,"28,989,252,282 XRP *",
07/09/14,4,BitShares,BTS,"$65,339,525.33",0.03,"1,999,997,637 BTS *",
07/09/14,5,Nxt,NXT,"$37,189,256.44",0.04,"999,997,096 NXT *",
07/09/14,6,Dogecoin,DOGE,"$17,232,428.78",0.00,"91,600,663,777 DOGE",
07/09/14,7,Peercoin,PPC,"$15,667,333.51",0.72,"21,700,716 PPC",
07/09/14,8,Dash,DASH,"$13,444,558.03",2.90,"4,629,609 DASH",
07/09/14,9,Namecoin,NMC,"$10,007,471.00",1.03,"9,734,000 NMC",
07/09/14,10,MaidSafeCoin,MAID,"$8,668,276.19",0.02,"452,552,412 MAID *",
05/10/14,1,Bitcoin,BTC,"$4,279,043,444.72",320.51,"13,350,725 BTC",
05/10/14,2,XRP,XRP,"$138,819,658.71",0.00,"28,989,252,282 XRP *",
05/10/14,3,Litecoin,LTC,"$120,786,142.51",3.70,"32,652,469 LTC",
05/10/14,4,BitShares,BTS,"$58,148,390.84",0.03,"1,999,883,512 BTS *",
05/10/14,5,Dogecoin,DOGE,"$25,629,202.37",0.00,"93,820,476,277 DOGE",
05/10/14,6,Nxt,NXT,"$23,841,278.31",0.02,"999,997,096 NXT *",
05/10/14,7,Peercoin,PPC,"$17,791,590.19",0.82,"21,789,180 PPC",
05/10/14,8,Dash,DASH,"$10,625,187.12",2.25,"4,714,224 DASH",
05/10/14,9,Namecoin,NMC,"$8,752,707.32",0.88,"9,985,400 NMC",
05/10/14,10,MaidSafeCoin,MAID,"$8,663,554.86",0.02,"452,552,412 MAID *",
02/11/14,1,Bitcoin,BTC,"$4,385,292,349.30",325.89,"13,456,275 BTC",
02/11/14,2,XRP,XRP,"$135,217,917.49",0.00,"28,989,252,282 XRP *",
02/11/14,3,Litecoin,LTC,"$119,949,716.53",3.59,"33,457,805 LTC",
02/11/14,4,BitShares,BTS,"$33,063,974.32",0.02,"1,999,883,512 BTS *",
02/11/14,5,Dogecoin,DOGE,"$21,045,216.53",0.00,"95,018,288,777 DOGE",
02/11/14,6,Nxt,NXT,"$18,890,571.87",0.02,"999,997,096 NXT *",
02/11/14,7,Peercoin,PPC,"$16,410,858.47",0.75,"21,849,387 PPC",
02/11/14,8,Counterparty,XCP,"$9,701,752.45",3.66,"2,647,291 XCP *",
02/11/14,9,MaidSafeCoin,MAID,"$9,667,850.80",0.02,"452,552,412 MAID *",
02/11/14,10,Namecoin,NMC,"$8,784,309.23",0.86,"10,158,950 NMC",
07/12/14,1,Bitcoin,BTC,"$5,094,941,875.62",375.09,"13,583,075 BTC",
07/12/14,2,XRP,XRP,"$456,866,452.50",0.01,"30,881,360,458 XRP *",
07/12/14,3,Litecoin,LTC,"$128,024,097.58",3.71,"34,497,044 LTC",
07/12/14,4,BitShares,BTS,"$44,292,782.05",0.02,"2,497,973,773 BTS *",
07/12/14,5,MaidSafeCoin,MAID,"$26,913,707.40",0.06,"452,552,412 MAID *",
07/12/14,6,Dogecoin,DOGE,"$22,101,696.50",0.00,"96,515,413,133 DOGE",
07/12/14,7,Nxt,NXT,"$19,323,261.22",0.02,"999,997,096 NXT *",
07/12/14,8,Peercoin,PPC,"$15,854,605.42",0.72,"21,923,339 PPC",
07/12/14,9,Counterparty,XCP,"$14,666,565.33",5.54,"2,646,826 XCP *",
07/12/14,10,Dash,DASH,"$11,664,878.90",2.37,"4,924,140 DASH",
04/01/15,1,Bitcoin,BTC,"$3,616,325,669.88",264.20,"13,688,075 BTC",
04/01/15,2,XRP,XRP,"$586,350,663.43",0.02,"30,978,075,200 XRP *",
04/01/15,3,Litecoin,LTC,"$69,101,167.20",1.96,"35,315,454 LTC",
04/01/15,4,PayCoin,XPY,"$53,186,750.90",4.31,"12,327,935 XPY",
04/01/15,5,BitShares,BTS,"$34,255,564.35",0.01,"2,497,973,773 BTS *",
04/01/15,6,MaidSafeCoin,MAID,"$18,266,242.67",0.04,"452,552,412 MAID *",
04/01/15,7,Nxt,NXT,"$16,068,879.42",0.02,"999,997,096 NXT *",
04/01/15,8,Stellar,XLM,"$15,717,689.11",0.00,"3,559,062,575 XLM *",
04/01/15,9,Dogecoin,DOGE,"$15,405,093.44",0.00,"97,289,978,241 DOGE",
04/01/15,10,Peercoin,PPC,"$10,115,663.80",0.46,"21,987,680 PPC",
01/02/15,1,Bitcoin,BTC,"$3,129,632,209.53",226.97,"13,788,650 BTC",
01/02/15,2,XRP,XRP,"$437,986,234.56",0.01,"30,978,075,200 XRP *",
01/02/15,3,Litecoin,LTC,"$65,106,975.28",1.80,"36,099,954 LTC",
01/02/15,4,BitShares,BTS,"$26,143,405.16",0.01,"2,497,973,773 BTS *",
01/02/15,5,PayCoin,XPY,"$19,897,205.56",1.58,"12,617,459 XPY",
01/02/15,6,Stellar,XLM,"$14,874,644.54",0.00,"3,591,033,250 XLM *",
01/02/15,7,Dogecoin,DOGE,"$14,084,122.95",0.00,"97,889,649,072 DOGE",
01/02/15,8,MaidSafeCoin,MAID,"$14,029,362.25",0.03,"452,552,412 MAID *",
01/02/15,9,Nxt,NXT,"$11,894,225.06",0.01,"999,997,096 NXT *",
01/02/15,10,Dash,DASH,"$9,588,423.11",1.88,"5,090,573 DASH",
03/01/15,1,Bitcoin,BTC,"$3,615,184,871.86",260.20,"13,893,750 BTC",
03/01/15,2,XRP,XRP,"$390,514,760.63",0.01,"31,908,551,587 XRP *",
03/01/15,3,Litecoin,LTC,"$69,797,587.31",1.89,"36,899,254 LTC",
03/01/15,4,BitShares,BTS,"$26,644,748.13",0.01,"2,501,643,489 BTS *",
03/01/15,5,Dash,DASH,"$17,199,121.16",3.33,"5,165,780 DASH",
03/01/15,6,MaidSafeCoin,MAID,"$14,812,231.84",0.03,"452,552,412 MAID *",
03/01/15,7,Dogecoin,DOGE,"$14,350,879.65",0.00,"98,455,559,915 DOGE",
03/01/15,8,Nxt,NXT,"$13,380,912.39",0.01,"999,997,096 NXT *",
03/01/15,9,PayCoin,XPY,"$12,654,260.87",0.92,"13,714,929 XPY",
03/01/15,10,Stellar,XLM,"$10,061,646.51",0.00,"3,617,462,850 XLM *",
05/04/15,1,Bitcoin,BTC,"$3,654,266,205.03",260.60,"14,022,625 BTC",
05/04/15,2,XRP,XRP,"$278,840,755.20",0.01,"31,908,551,587 XRP *",
05/04/15,3,Litecoin,LTC,"$64,474,775.66",1.70,"37,908,054 LTC",
05/04/15,4,Dash,DASH,"$21,939,785.25",4.17,"5,258,071 DASH",
05/04/15,5,BitShares,BTS,"$14,634,629.73",0.01,"2,504,975,101 BTS *",
05/04/15,6,Dogecoin,DOGE,"$12,536,740.98",0.00,"98,908,286,969 DOGE",
05/04/15,7,Stellar,XLM,"$11,465,864.16",0.00,"4,300,865,081 XLM *",
05/04/15,8,Nxt,NXT,"$11,023,630.04",0.01,"999,997,096 NXT *",
05/04/15,9,MaidSafeCoin,MAID,"$9,297,907.72",0.02,"452,552,412 MAID *",
05/04/15,10,Peercoin,PPC,"$7,377,593.63",0.33,"22,206,584 PPC",
03/05/15,1,Bitcoin,BTC,"$3,394,163,164.37",240.36,"14,121,275 BTC",
03/05/15,2,XRP,XRP,"$257,037,754.48",0.01,"31,908,551,587 XRP *",
03/05/15,3,Litecoin,LTC,"$55,458,579.07",1.43,"38,709,154 LTC",
03/05/15,4,Dash,DASH,"$14,424,045.71",2.70,"5,336,255 DASH",
03/05/15,5,Stellar,XLM,"$12,917,731.76",0.00,"4,824,768,656 XLM *",
03/05/15,6,MaidSafeCoin,MAID,"$10,525,778.69",0.02,"452,552,412 MAID *",
03/05/15,7,BitShares,BTS,"$9,303,430.53",0.00,"2,509,520,303 BTS *",
03/05/15,8,Nxt,NXT,"$9,270,980.11",0.01,"999,997,096 NXT *",
03/05/15,9,Dogecoin,DOGE,"$8,916,780.27",0.00,"99,267,618,305 DOGE",
03/05/15,10,Banx,BANX,"$7,472,511.67",1.47,"5,096,191 BANX *",
07/06/15,1,Bitcoin,BTC,"$3,175,550,844.62",222.88,"14,247,725 BTC",
07/06/15,2,XRP,XRP,"$251,248,793.36",0.01,"31,908,551,587 XRP *",
07/06/15,3,Litecoin,LTC,"$68,733,519.12",1.73,"39,718,304 LTC",
07/06/15,4,BitShares,BTS,"$17,413,659.51",0.01,"2,511,953,117 BTS *",
07/06/15,5,Dash,DASH,"$15,278,947.69",2.81,"5,436,880 DASH",
07/06/15,6,Dogecoin,DOGE,"$15,188,401.20",0.00,"99,715,537,387 DOGE",
07/06/15,7,Stellar,XLM,"$14,940,175.95",0.00,"4,837,354,256 XLM *",
07/06/15,8,Nxt,NXT,"$11,113,959.69",0.01,"999,997,096 NXT *",
07/06/15,9,Banx,BANX,"$8,789,823.64",1.50,"5,863,999 BANX *",
07/06/15,10,MaidSafeCoin,MAID,"$7,178,730.78",0.02,"452,552,412 MAID *",
05/07/15,1,Bitcoin,BTC,"$3,901,991,589.58",271.91,"14,350,125 BTC",
05/07/15,2,XRP,XRP,"$319,771,975.00",0.01,"31,908,551,587 XRP *",
05/07/15,3,Litecoin,LTC,"$200,743,179.50",4.95,"40,531,904 LTC",
05/07/15,4,Dogecoin,DOGE,"$19,395,798.49",0.00,"100,067,420,606 DOGE",
05/07/15,5,Dash,DASH,"$17,135,822.76",3.09,"5,538,286 DASH",
05/07/15,6,BitShares,BTS,"$16,209,819.47",0.01,"2,511,953,117 BTS *",
05/07/15,7,Stellar,XLM,"$15,101,663.17",0.00,"4,837,356,606 XLM *",
05/07/15,8,Nxt,NXT,"$13,126,389.19",0.01,"999,997,096 NXT *",
05/07/15,9,Peercoin,PPC,"$12,764,800.65",0.57,"22,460,750 PPC",
05/07/15,10,MaidSafeCoin,MAID,"$11,340,965.93",0.03,"452,552,412 MAID *",
02/08/15,1,Bitcoin,BTC,"$4,084,836,711.04",282.61,"14,453,750 BTC",
02/08/15,2,XRP,XRP,"$262,606,778.93",0.01,"31,908,551,587 XRP *",
02/08/15,3,Litecoin,LTC,"$172,609,991.21",4.17,"41,344,610 LTC",
02/08/15,4,Dash,DASH,"$20,390,786.09",3.62,"5,636,377 DASH",
02/08/15,5,Dogecoin,DOGE,"$17,321,510.45",0.00,"100,425,733,867 DOGE",
02/08/15,6,MaidSafeCoin,MAID,"$13,714,073.17",0.03,"452,552,412 MAID *",
02/08/15,7,Banx,BANX,"$13,486,787.33",1.90,"7,111,758 BANX *",
02/08/15,8,Stellar,XLM,"$13,182,128.01",0.00,"4,837,356,606 XLM *",
02/08/15,9,Bytecoin,BCN,"$12,779,532.00",0.00,"175,104,345,872 BCN",
02/08/15,10,BitShares,BTS,"$12,177,552.50",0.00,"2,511,953,117 BTS *",
06/09/15,1,Bitcoin,BTC,"$3,497,753,009.18",239.84,"14,583,675 BTC",
06/09/15,2,XRP,XRP,"$256,354,994.78",0.01,"32,488,247,336 XRP *",
06/09/15,3,Litecoin,LTC,"$128,538,020.39",3.05,"42,170,285 LTC",
06/09/15,4,Ethereum,ETH,"$94,579,877.49",1.30,"72,988,095 ETH",
06/09/15,5,Dash,DASH,"$14,304,072.77",2.49,"5,753,391 DASH",
06/09/15,6,Dogecoin,DOGE,"$13,316,931.78",0.00,"100,880,007,398 DOGE",
06/09/15,7,Banx,BANX,"$13,014,843.00",1.82,"7,136,966 BANX *",
06/09/15,8,Stellar,XLM,"$12,225,452.65",0.00,"4,837,356,606 XLM *",
06/09/15,9,BitShares,BTS,"$11,758,468.97",0.00,"2,511,953,117 BTS *",
06/09/15,10,Bytecoin,BCN,"$11,216,099.81",0.00,"175,958,667,898 BCN",
04/10/15,1,Bitcoin,BTC,"$3,499,388,303.06",238.26,"14,687,325 BTC",
04/10/15,2,XRP,XRP,"$170,115,824.88",0.01,"32,488,247,336 XRP *",
04/10/15,3,Litecoin,LTC,"$128,350,034.82",3.01,"42,579,585 LTC",
04/10/15,4,Ethereum,ETH,"$49,249,083.17",0.67,"73,684,365 ETH",
04/10/15,5,BitShares,BTS,"$13,066,878.40",0.01,"2,511,953,117 BTS *",
04/10/15,6,Banx,BANX,"$12,988,644.26",1.81,"7,174,808 BANX *",
04/10/15,7,Dash,DASH,"$12,708,658.26",2.17,"5,849,971 DASH",
04/10/15,8,Dogecoin,DOGE,"$11,991,399.29",0.00,"101,248,360,146 DOGE",
04/10/15,9,Stellar,XLM,"$9,921,658.38",0.00,"4,837,356,606 XLM *",
04/10/15,10,MaidSafeCoin,MAID,"$8,503,848.89",0.02,"452,552,412 MAID *",
01/11/15,1,Bitcoin,BTC,"$4,813,284,493.67",325.43,"14,790,500 BTC",
01/11/15,2,Litecoin,LTC,"$170,183,389.60",3.96,"42,983,185 LTC",
01/11/15,3,XRP,XRP,"$162,511,634.35",0.00,"33,156,211,683 XRP *",
01/11/15,4,Ethereum,ETH,"$78,530,175.58",1.06,"74,389,025 ETH",
01/11/15,5,Dash,DASH,"$15,842,369.86",2.66,"5,947,516 DASH",
01/11/15,6,Dogecoin,DOGE,"$14,362,087.90",0.00,"101,633,622,633 DOGE",
01/11/15,7,BitShares,BTS,"$10,921,897.41",0.00,"2,511,953,117 BTS *",
01/11/15,8,Stellar,XLM,"$10,294,793.18",0.00,"4,837,356,606 XLM *",
01/11/15,9,Peercoin,PPC,"$8,677,780.62",0.38,"22,734,964 PPC",
01/11/15,10,Nxt,NXT,"$7,624,970.96",0.01,"999,997,096 NXT *",
06/12/15,1,Bitcoin,BTC,"$5,803,309,466.63",388.78,"14,926,850 BTC",
06/12/15,2,XRP,XRP,"$179,216,948.01",0.01,"33,537,439,933 XRP *",
06/12/15,3,Litecoin,LTC,"$151,032,152.36",3.47,"43,486,210 LTC",
06/12/15,4,Ethereum,ETH,"$62,889,059.54",0.84,"75,271,155 ETH",
06/12/15,5,Dash,DASH,"$14,154,013.93",2.34,"6,040,920 DASH",
06/12/15,6,Dogecoin,DOGE,"$13,028,375.24",0.00,"102,120,283,551 DOGE",
06/12/15,7,Peercoin,PPC,"$9,445,951.96",0.41,"22,819,543 PPC",
06/12/15,8,Stellar,XLM,"$9,289,133.43",0.00,"4,837,356,606 XLM *",
06/12/15,9,BitShares,BTS,"$8,652,609.96",0.00,"2,534,613,763 BTS *",
06/12/15,10,MaidSafeCoin,MAID,"$7,089,468.85",0.02,"452,552,412 MAID *",
03/01/16,1,Bitcoin,BTC,"$6,467,437,079.85",430.01,"15,040,150 BTC",
03/01/16,2,XRP,XRP,"$201,799,631.27",0.01,"33,537,439,933 XRP *",
03/01/16,3,Litecoin,LTC,"$152,873,521.20",3.48,"43,890,464 LTC",
03/01/16,4,Ethereum,ETH,"$73,843,277.55",0.97,"75,977,890 ETH",
03/01/16,5,Dash,DASH,"$19,794,713.11",3.24,"6,109,219 DASH",
03/01/16,6,Dogecoin,DOGE,"$14,940,681.50",0.00,"102,502,370,532 DOGE",
03/01/16,7,Peercoin,PPC,"$9,756,958.98",0.43,"22,888,585 PPC",
03/01/16,8,BitShares,BTS,"$8,591,687.58",0.00,"2,537,097,300 BTS *",
03/01/16,9,Stellar,XLM,"$8,436,464.84",0.00,"4,837,356,606 XLM *",
03/01/16,10,Nxt,NXT,"$6,863,998.34",0.01,"999,997,096 NXT *",
07/02/16,1,Bitcoin,BTC,"$5,718,025,977.03",376.62,"15,182,475 BTC",
07/02/16,2,XRP,XRP,"$282,831,075.62",0.01,"33,920,177,761 XRP *",
07/02/16,3,Ethereum,ETH,"$227,838,725.16",2.96,"76,859,905 ETH",
07/02/16,4,Litecoin,LTC,"$137,008,425.50",3.09,"44,397,348 LTC",
07/02/16,5,Dogecoin,DOGE,"$29,359,873.53",0.00,"102,996,805,129 DOGE",
07/02/16,6,Dash,DASH,"$26,137,313.91",4.21,"6,207,076 DASH",
07/02/16,7,Peercoin,PPC,"$9,664,849.72",0.42,"22,973,519 PPC",
07/02/16,8,MaidSafeCoin,MAID,"$9,544,462.26",0.02,"452,552,412 MAID *",
07/02/16,9,BitShares,BTS,"$9,314,632.58",0.00,"2,540,631,892 BTS *",
07/02/16,10,Stellar,XLM,"$8,958,879.68",0.00,"4,837,356,606 XLM *",
06/03/16,1,Bitcoin,BTC,"$6,232,667,417.05",407.71,"15,287,125 BTC",
06/03/16,2,Ethereum,ETH,"$882,886,700.57",11.38,"77,562,550 ETH",
06/03/16,3,XRP,XRP,"$267,938,590.99",0.01,"34,090,841,338 XRP *",
06/03/16,4,Litecoin,LTC,"$144,323,374.14",3.22,"44,798,026 LTC",
06/03/16,5,MaidSafeCoin,MAID,"$47,222,404.72",0.10,"452,552,412 MAID *",
06/03/16,6,Dash,DASH,"$28,733,381.17",4.58,"6,269,953 DASH",
06/03/16,7,Dogecoin,DOGE,"$22,859,343.00",0.00,"103,378,839,217 DOGE",
06/03/16,8,Factom,FCT,"$16,527,437.80",1.89,"8,753,363 FCT *",
06/03/16,9,Monero,XMR,"$13,502,748.68",1.20,"11,224,987 XMR",
06/03/16,10,BitShares,BTS,"$12,936,249.90",0.01,"2,545,556,877 BTS *",
03/04/16,1,Bitcoin,BTC,"$6,477,833,347.26",420.90,"15,390,275 BTC",
03/04/16,2,Ethereum,ETH,"$914,759,786.02",11.62,"78,734,169 ETH",
03/04/16,3,XRP,XRP,"$258,390,963.90",0.01,"34,439,870,367 XRP *",
03/04/16,4,Litecoin,LTC,"$147,484,119.83",3.26,"45,203,326 LTC",
03/04/16,5,Dash,DASH,"$44,369,450.60",7.00,"6,341,922 DASH",
03/04/16,6,MaidSafeCoin,MAID,"$37,008,620.88",0.08,"452,552,412 MAID *",
03/04/16,7,Dogecoin,DOGE,"$22,952,795.74",0.00,"103,766,675,950 DOGE",
03/04/16,8,HyperSpace,AMP,"$18,856,121.87",0.10,"184,800,000 AMP *",
03/04/16,9,Monero,XMR,"$17,739,489.32",1.54,"11,495,521 XMR",
03/04/16,10,BitShares,BTS,"$15,155,311.57",0.01,"2,550,891,891 BTS *",
01/05/16,1,Bitcoin,BTC,"$7,001,713,695.73",451.88,"15,494,800 BTC",
01/05/16,2,Ethereum,ETH,"$704,335,908.14",8.85,"79,617,445 ETH",
01/05/16,3,XRP,XRP,"$236,803,765.15",0.01,"34,868,679,462 XRP *",
01/05/16,4,Litecoin,LTC,"$168,960,222.47",3.71,"45,600,826 LTC",
01/05/16,5,Dash,DASH,"$43,576,666.47",6.79,"6,413,491 DASH",
01/05/16,6,MaidSafeCoin,MAID,"$26,282,043.52",0.06,"452,552,412 MAID *",
01/05/16,7,Dogecoin,DOGE,"$23,547,329.92",0.00,"104,144,897,082 DOGE",
01/05/16,8,NEM,XEM,"$14,453,072.80",0.00,"8,999,999,999 XEM *",
01/05/16,9,Monero,XMR,"$10,748,812.43",0.91,"11,756,414 XMR",
01/05/16,10,Factom,FCT,"$10,484,937.89",1.20,"8,753,219 FCT *",
05/06/16,1,Bitcoin,BTC,"$8,983,559,297.69",574.98,"15,624,200 BTC",
05/06/16,2,Ethereum,ETH,"$1,128,278,858.37",13.98,"80,735,361 ETH",
05/06/16,3,Litecoin,LTC,"$221,840,232.96",4.81,"46,092,776 LTC",
05/06/16,4,XRP,XRP,"$202,093,147.11",0.01,"34,868,679,462 XRP *",
05/06/16,5,The DAO,DAO,"$153,418,084.56",0.13,"1,172,775,159 DAO *",
05/06/16,6,Dash,DASH,"$49,244,454.31",7.58,"6,495,605 DASH",
05/06/16,7,Lisk,LSK,"$48,962,807.66",0.49,"100,000,000 LSK *",
05/06/16,8,MaidSafeCoin,MAID,"$27,692,389.23",0.06,"452,552,412 MAID *",
05/06/16,9,Dogecoin,DOGE,"$24,756,873.78",0.00,"104,630,952,757 DOGE",
05/06/16,10,DigixDAO,DGD,"$19,862,173.08",9.93,"2,000,000 DGD *",
03/07/16,1,Bitcoin,BTC,"$10,360,448,690.67",658.66,"15,729,500 BTC",
03/07/16,2,Ethereum,ETH,"$956,817,431.60",11.72,"81,638,196 ETH",
03/07/16,3,XRP,XRP,"$233,547,238.82",0.01,"35,345,971,933 XRP *",
03/07/16,4,Litecoin,LTC,"$197,792,991.02",4.25,"46,503,479 LTC",
03/07/16,5,The DAO,DAO,"$103,935,618.01",0.09,"1,153,836,913 DAO *",
03/07/16,6,NEM,XEM,"$96,915,964.96",0.01,"8,999,999,999 XEM *",
03/07/16,7,Dash,DASH,"$46,014,335.66",7.01,"6,562,509 DASH",
03/07/16,8,MaidSafeCoin,MAID,"$32,178,214.78",0.07,"452,552,412 MAID *",
03/07/16,9,Lisk,LSK,"$30,140,632.39",0.30,"100,000,000 LSK *",
03/07/16,10,Dogecoin,DOGE,"$29,637,430.98",0.00,"105,016,389,699 DOGE",
07/08/16,1,Bitcoin,BTC,"$9,364,716,451.72",592.69,"15,800,352 BTC",
07/08/16,2,Ethereum,ETH,"$903,023,196.94",10.91,"82,758,431 ETH",
07/08/16,3,Steem,STEEM,"$227,716,372.83",2.12,"107,635,162 STEEM *",
07/08/16,4,XRP,XRP,"$219,668,406.92",0.01,"35,557,883,251 XRP *",
07/08/16,5,Litecoin,LTC,"$177,717,299.32",3.78,"47,011,129 LTC",
07/08/16,6,Ethereum Classic,ETC,"$177,588,730.53",2.15,"82,727,436 ETC",
07/08/16,7,Dash,DASH,"$68,835,573.22",10.35,"6,651,656 DASH",
07/08/16,8,NEM,XEM,"$45,160,382.52",0.01,"8,999,999,999 XEM *",
07/08/16,9,MaidSafeCoin,MAID,"$38,787,422.71",0.09,"452,552,412 MAID *",
07/08/16,10,Nxt,NXT,"$28,347,117.84",0.03,"998,999,999 NXT *",
04/09/16,1,Bitcoin,BTC,"$9,646,839,252.48",608.63,"15,849,996 BTC",
04/09/16,2,Ethereum,ETH,"$977,119,977.50",11.68,"83,658,124 ETH",
04/09/16,3,XRP,XRP,"$210,268,942.86",0.01,"35,316,813,001 XRP *",
04/09/16,4,Litecoin,LTC,"$190,349,765.67",4.01,"47,416,279 LTC",
04/09/16,5,Monero,XMR,"$171,660,600.21",13.39,"12,820,842 XMR",
04/09/16,6,Ethereum Classic,ETC,"$121,859,209.46",1.46,"83,623,733 ETC",
04/09/16,7,Steem,STEEM,"$110,210,811.32",0.82,"133,766,911 STEEM *",
04/09/16,8,Dash,DASH,"$76,412,752.45",11.39,"6,711,170 DASH",
04/09/16,9,NEM,XEM,"$50,820,170.43",0.01,"8,999,999,999 XEM *",
04/09/16,10,MaidSafeCoin,MAID,"$39,937,472.20",0.09,"452,552,412 MAID *",
02/10/16,1,Bitcoin,BTC,"$9,713,776,074.59",610.89,"15,900,972 BTC",
02/10/16,2,Ethereum,ETH,"$1,116,323,951.45",13.20,"84,571,855 ETH",
02/10/16,3,XRP,XRP,"$289,655,709.25",0.01,"35,475,196,836 XRP *",
02/10/16,4,Litecoin,LTC,"$183,737,855.30",3.84,"47,819,604 LTC",
02/10/16,5,Monero,XMR,"$108,225,552.56",8.30,"13,032,591 XMR",
02/10/16,6,Ethereum Classic,ETC,"$100,870,077.65",1.19,"84,506,881 ETC",
02/10/16,7,Dash,DASH,"$79,826,346.61",11.78,"6,778,019 DASH",
02/10/16,8,Steem,STEEM,"$71,450,170.29",0.44,"160,936,509 STEEM *",
02/10/16,9,MaidSafeCoin,MAID,"$40,210,427.76",0.09,"452,552,412 MAID *",
02/10/16,10,NEM,XEM,"$38,802,704.77",0.00,"8,999,999,999 XEM *",
06/11/16,1,Bitcoin,BTC,"$11,357,379,034.24",711.52,"15,962,100 BTC",
06/11/16,2,Ethereum,ETH,"$931,948,028.46",10.87,"85,708,141 ETH",
06/11/16,3,XRP,XRP,"$292,091,074.80",0.01,"35,649,569,539 XRP *",
06/11/16,4,Litecoin,LTC,"$187,941,093.18",3.89,"48,323,204 LTC",
06/11/16,5,Ethereum Classic,ETC,"$84,127,024.73",0.98,"85,611,986 ETC",
06/11/16,6,Monero,XMR,"$65,957,171.48",4.97,"13,284,153 XMR",
06/11/16,7,Dash,DASH,"$64,522,830.44",9.40,"6,866,339 DASH",
06/11/16,8,Augur,REP,"$54,527,265.07",4.96,"11,000,000 REP *",
06/11/16,9,Steem,STEEM,"$41,447,994.22",0.20,"204,699,664 STEEM *",
06/11/16,10,Waves,WAVES,"$36,827,874.18",0.37,"100,000,000 WAVES *",
04/12/16,1,Bitcoin,BTC,"$12,400,771,414.96",773.87,"16,024,312 BTC",
04/12/16,2,Ethereum,ETH,"$644,685,657.47",7.44,"86,608,467 ETH",
04/12/16,3,XRP,XRP,"$234,887,579.55",0.01,"35,987,750,899 XRP *",
04/12/16,4,Litecoin,LTC,"$190,052,370.35",3.90,"48,736,229 LTC",
04/12/16,5,Monero,XMR,"$105,061,339.19",7.80,"13,475,446 XMR",
04/12/16,6,Ethereum Classic,ETC,"$66,535,455.11",0.77,"86,527,421 ETC",
04/12/16,7,Dash,DASH,"$61,121,636.85",8.82,"6,933,323 DASH",
04/12/16,8,Steem,STEEM,"$47,387,619.93",0.21,"226,701,187 STEEM *",
04/12/16,9,Augur,REP,"$36,474,365.95",3.32,"11,000,000 REP *",
04/12/16,10,NEM,XEM,"$32,069,239.06",0.00,"8,999,999,999 XEM *",
01/01/17,1,Bitcoin,BTC,"$16,050,414,525.76",998.33,"16,077,337 BTC",
01/01/17,2,Ethereum,ETH,"$715,049,311.31",8.17,"87,493,800 ETH",
01/01/17,3,XRP,XRP,"$231,408,729.09",0.01,"36,337,298,649 XRP *",
01/01/17,4,Litecoin,LTC,"$221,718,485.96",4.51,"49,144,154 LTC",
01/01/17,5,Monero,XMR,"$190,983,552.40",13.97,"13,668,252 XMR",
01/01/17,6,Ethereum Classic,ETC,"$122,202,803.82",1.40,"87,444,118 ETC",
01/01/17,7,Dash,DASH,"$78,524,019.74",11.23,"6,992,839 DASH",
01/01/17,8,Augur,REP,"$43,994,859.70",4.00,"11,000,000 REP *",
01/01/17,9,MaidSafeCoin,MAID,"$43,862,002.88",0.10,"452,552,412 MAID *",
01/01/17,10,Steem,STEEM,"$36,999,609.61",0.16,"229,582,096 STEEM *",
05/02/17,1,Bitcoin,BTC,"$16,588,243,546.77",1027.34,"16,146,787 BTC",
05/02/17,2,Ethereum,ETH,"$1,005,857,527.91",11.35,"88,598,170 ETH",
05/02/17,3,XRP,XRP,"$237,439,104.20",0.01,"36,856,513,336 XRP *",
05/02/17,4,Litecoin,LTC,"$200,776,960.64",4.04,"49,661,431 LTC",
05/02/17,5,Monero,XMR,"$177,837,166.13",12.80,"13,890,877 XMR",
05/02/17,6,Ethereum Classic,ETC,"$122,956,425.00",1.39,"88,557,954 ETC",
05/02/17,7,Dash,DASH,"$120,801,544.72",17.06,"7,081,443 DASH",
05/02/17,8,MaidSafeCoin,MAID,"$67,984,388.74",0.15,"452,552,412 MAID *",
05/02/17,9,NEM,XEM,"$57,499,872.51",0.01,"8,999,999,999 XEM *",
05/02/17,10,Augur,REP,"$45,676,987.65",4.15,"11,000,000 REP *",
05/03/17,1,Bitcoin,BTC,"$20,526,235,190.90",1267.12,"16,199,125 BTC",
05/03/17,2,Ethereum,ETH,"$1,727,144,314.87",19.30,"89,478,903 ETH",
05/03/17,3,Dash,DASH,"$302,400,532.83",42.31,"7,147,118 DASH",
05/03/17,4,XRP,XRP,"$229,273,993.35",0.01,"37,406,829,143 XRP *",
05/03/17,5,Monero,XMR,"$213,467,859.58",15.18,"14,061,159 XMR",
05/03/17,6,Litecoin,LTC,"$195,313,674.46",3.90,"50,060,407 LTC",
05/03/17,7,Ethereum Classic,ETC,"$125,058,654.92",1.40,"89,442,118 ETC",
05/03/17,8,NEM,XEM,"$102,037,861.00",0.01,"8,999,999,999 XEM *",
05/03/17,9,MaidSafeCoin,MAID,"$75,819,909.04",0.17,"452,552,412 MAID *",
05/03/17,10,Augur,REP,"$67,198,582.65",6.11,"11,000,000 REP *",
02/04/17,1,Bitcoin,BTC,"$17,911,979,951.60",1102.17,"16,251,500 BTC",
02/04/17,2,Ethereum,ETH,"$4,404,479,830.25",48.75,"90,350,623 ETH",
02/04/17,3,XRP,XRP,"$2,294,349,436.78",0.06,"37,514,472,563 XRP *",
02/04/17,4,Dash,DASH,"$411,019,230.38",57.07,"7,202,346 DASH",
02/04/17,5,Litecoin,LTC,"$390,795,689.84",7.74,"50,461,032 LTC",
02/04/17,6,Monero,XMR,"$286,498,059.48",20.14,"14,225,684 XMR",
02/04/17,7,Ethereum Classic,ETC,"$238,854,799.47",2.64,"90,309,971 ETC",
02/04/17,8,NEM,XEM,"$144,774,226.46",0.02,"8,999,999,999 XEM *",
02/04/17,9,Augur,REP,"$127,545,894.62",11.60,"11,000,000 REP *",
02/04/17,10,MaidSafeCoin,MAID,"$78,871,199.74",0.17,"452,552,412 MAID *",
07/05/17,1,Bitcoin,BTC,"$26,053,095,263.47",1596.71,"16,316,725 BTC",
07/05/17,2,Ethereum,ETH,"$8,592,855,814.81",94.01,"91,406,245 ETH",
07/05/17,3,XRP,XRP,"$5,380,678,177.24",0.14,"37,955,579,225 XRP *",
07/05/17,4,Litecoin,LTC,"$1,544,711,754.97",30.29,"50,995,607 LTC",
07/05/17,5,NEM,XEM,"$893,949,821.49",0.10,"8,999,999,999 XEM *",
07/05/17,6,Dash,DASH,"$774,009,624.98",106.28,"7,282,607 DASH",
07/05/17,7,Ethereum Classic,ETC,"$651,119,402.59",7.12,"91,407,465 ETC",
07/05/17,8,Monero,XMR,"$472,832,767.01",32.78,"14,423,216 XMR",
07/05/17,9,Stellar,XLM,"$409,807,374.88",0.04,"9,317,265,511 XLM *",
07/05/17,10,Golem,GNT,"$197,684,562.21",0.24,"820,000,000 GNT *",
04/06/17,1,Bitcoin,BTC,"$41,124,195,602.84",2511.81,"16,372,362 BTC",
04/06/17,2,Ethereum,ETH,"$22,622,230,133.21",245.33,"92,210,586 ETH",
04/06/17,3,XRP,XRP,"$11,563,834,772.70",0.30,"38,621,693,933 XRP *",
04/06/17,4,NEM,XEM,"$1,940,053,581.98",0.22,"8,999,999,999 XEM *",
04/06/17,5,Ethereum Classic,ETC,"$1,612,317,546.44",17.48,"92,221,134 ETC",
04/06/17,6,Litecoin,LTC,"$1,436,514,967.86",27.94,"51,415,482 LTC",
04/06/17,7,Dash,DASH,"$1,052,615,780.55",143.35,"7,343,159 DASH",
04/06/17,8,Stratis,STRAT,"$1,031,727,235.85",10.48,"98,411,760 STRAT *",
04/06/17,9,Monero,XMR,"$625,243,117.25",42.90,"14,575,336 XMR",
04/06/17,10,Waves,WAVES,"$534,606,266.02",5.35,"100,000,000 WAVES *",
02/07/17,1,Bitcoin,BTC,"$41,167,090,926.76",2506.47,"16,424,300 BTC",
02/07/17,2,Ethereum,ETH,"$26,776,232,589.10",287.99,"92,977,266 ETH",
02/07/17,3,XRP,XRP,"$9,934,661,325.87",0.26,"38,291,387,790 XRP *",
02/07/17,4,Litecoin,LTC,"$2,153,779,043.32",41.57,"51,813,832 LTC",
02/07/17,5,Ethereum Classic,ETC,"$1,668,376,592.63",17.91,"93,176,546 ETC",
02/07/17,6,NEM,XEM,"$1,433,802,053.17",0.16,"8,999,999,999 XEM *",
02/07/17,7,Dash,DASH,"$1,283,557,618.23",173.49,"7,398,351 DASH",
02/07/17,8,IOTA,MIOTA,"$1,062,473,078.90",0.38,"2,779,530,283 MIOTA *",
02/07/17,9,Monero,XMR,"$629,998,886.14",42.79,"14,721,599 XMR",
02/07/17,10,Stratis,STRAT,"$578,879,649.94",5.88,"98,447,840 STRAT *",
06/08/17,1,Bitcoin,BTC,"$53,006,437,221.50",3213.94,"16,492,662 BTC",
06/08/17,2,Ethereum,ETH,"$24,541,942,939.87",261.57,"93,826,454 ETH",
06/08/17,3,XRP,XRP,"$6,918,935,142.37",0.18,"38,343,841,883 XRP *",
06/08/17,4,Bitcoin Cash,BCH,"$3,637,260,519.30",220.66,"16,483,825 BCH",
06/08/17,5,Litecoin,LTC,"$2,360,944,162.52",45.10,"52,345,607 LTC",
06/08/17,6,NEM,XEM,"$2,234,863,489.62",0.25,"8,999,999,999 XEM *",
06/08/17,7,Ethereum Classic,ETC,"$1,447,320,376.16",15.35,"94,285,006 ETC",
06/08/17,8,Dash,DASH,"$1,414,046,355.63",189.13,"7,476,442 DASH",
06/08/17,9,IOTA,MIOTA,"$1,198,373,080.15",0.43,"2,779,530,283 MIOTA *",
06/08/17,10,Neo,NEO,"$760,546,636.58",15.21,"50,000,000 NEO *",
03/09/17,1,Bitcoin,BTC,"$75,812,212,996.30",4582.96,"16,542,187 BTC",
03/09/17,2,Ethereum,ETH,"$32,807,154,396.12",347.48,"94,413,389 ETH",
03/09/17,3,Bitcoin Cash,BCH,"$10,058,458,982.68",607.43,"16,558,963 BCH",
03/09/17,4,XRP,XRP,"$8,773,480,074.61",0.23,"38,343,841,883 XRP *",
03/09/17,5,Litecoin,LTC,"$4,054,988,819.86",76.84,"52,769,807 LTC",
03/09/17,6,NEM,XEM,"$2,765,377,074.17",0.31,"8,999,999,999 XEM *",
03/09/17,7,Dash,DASH,"$2,685,795,201.47",356.39,"7,536,105 DASH",
03/09/17,8,IOTA,MIOTA,"$2,067,881,447.56",0.74,"2,779,530,283 MIOTA *",
03/09/17,9,Monero,XMR,"$1,894,074,688.13",126.01,"15,031,671 XMR",
03/09/17,10,Ethereum Classic,ETC,"$1,767,289,071.77",18.57,"95,171,368 ETC",
01/10/17,1,Bitcoin,BTC,"$73,094,850,250.11",4403.74,"16,598,362 BTC",
01/10/17,2,Ethereum,ETH,"$28,694,713,713.82",302.34,"94,909,755 ETH",
01/10/17,3,XRP,XRP,"$7,919,237,265.53",0.21,"38,343,841,883 XRP *",
01/10/17,4,Bitcoin Cash,BCH,"$6,909,645,336.97",415.15,"16,643,663 BCH",
01/10/17,5,Litecoin,LTC,"$2,901,079,182.35",54.54,"53,188,507 LTC",
01/10/17,6,Dash,DASH,"$2,397,361,020.98",315.80,"7,591,342 DASH",
01/10/17,7,NEM,XEM,"$2,215,621,590.37",0.25,"8,999,999,999 XEM *",
01/10/17,8,Neo,NEO,"$1,786,008,071.90",35.72,"50,000,000 NEO *",
01/10/17,9,IOTA,MIOTA,"$1,696,021,631.22",0.61,"2,779,530,283 MIOTA *",
01/10/17,10,Monero,XMR,"$1,413,301,278.07",93.22,"15,160,599 XMR",
05/11/17,1,Bitcoin,BTC,"$123,449,127,399.00",7407.41,"16,665,637 BTC",
05/11/17,2,Ethereum,ETH,"$28,307,017,397.18",296.26,"95,547,039 ETH",
05/11/17,3,Bitcoin Cash,BCH,"$10,573,190,957.24",630.70,"16,764,175 BCH",
05/11/17,4,XRP,XRP,"$7,785,503,580.84",0.20,"38,531,538,922 XRP *",
05/11/17,5,Litecoin,LTC,"$2,939,686,652.00",54.75,"53,696,457 LTC",
05/11/17,6,Dash,DASH,"$2,095,468,228.88",273.17,"7,671,066 DASH",
05/11/17,7,Neo,NEO,"$1,714,730,815.89",26.38,"65,000,000 NEO *",
05/11/17,8,NEM,XEM,"$1,622,780,307.95",0.18,"8,999,999,999 XEM *",
05/11/17,9,Monero,XMR,"$1,322,356,591.89",86.35,"15,314,473 XMR",
05/11/17,10,Ethereum Classic,ETC,"$1,286,742,287.15",13.24,"97,161,935 ETC",
03/12/17,1,Bitcoin,BTC,"$189,302,801,341.99",11323.22,"16,718,100 BTC",
03/12/17,2,Ethereum,ETH,"$44,776,400,551.17",465.85,"96,116,935 ETH",
03/12/17,3,Bitcoin Cash,BCH,"$26,263,314,821.01",1559.93,"16,836,250 BCH",
03/12/17,4,XRP,XRP,"$9,754,506,575.04",0.25,"38,622,870,411 XRP *",
03/12/17,5,Dash,DASH,"$5,944,766,230.65",768.88,"7,731,760 DASH",
03/12/17,6,Litecoin,LTC,"$5,479,548,241.69",101.26,"54,112,108 LTC",
03/12/17,7,Bitcoin Gold,BTG,"$5,350,823,031.55",320.66,"16,686,699 BTG",
03/12/17,8,IOTA,MIOTA,"$5,229,847,940.13",1.88,"2,779,530,283 MIOTA *",
03/12/17,9,Cardano,ADA,"$3,417,380,962.32",0.13,"25,927,070,538 ADA",
03/12/17,10,Monero,XMR,"$3,087,398,970.92",200.05,"15,433,062 XMR",
07/01/18,1,Bitcoin,BTC,"$276,634,593,972.51",16477.59,"16,788,537 BTC",
07/01/18,2,XRP,XRP,"$130,853,590,978.56",3.38,"38,739,144,847 XRP *",
07/01/18,3,Ethereum,ETH,"$111,670,506,535.05",1153.17,"96,837,992 ETH",
07/01/18,4,Bitcoin Cash,BCH,"$47,096,266,034.81",2786.88,"16,899,275 BCH",
07/01/18,5,Cardano,ADA,"$26,147,944,637.95",1.01,"25,927,070,538 ADA",
07/01/18,6,NEM,XEM,"$16,584,480,283.80",1.84,"8,999,999,999 XEM *",
07/01/18,7,Litecoin,LTC,"$15,766,509,797.32",288.45,"54,659,308 LTC",
07/01/18,8,TRON,TRX,"$13,126,926,719.67",0.20,"65,748,192,475 TRX",
07/01/18,9,Stellar,XLM,"$12,508,160,612.42",0.70,"17,877,858,808 XLM *",
07/01/18,10,IOTA,MIOTA,"$11,314,255,332.03",4.07,"2,779,530,283 MIOTA *",
04/02/18,1,Bitcoin,BTC,"$139,433,744,615.04",8277.01,"16,845,900 BTC",
04/02/18,2,Ethereum,ETH,"$81,310,528,443.95",834.68,"97,414,970 ETH",
04/02/18,3,XRP,XRP,"$31,819,952,004.57",0.82,"39,009,215,838 XRP *",
04/02/18,4,Bitcoin Cash,BCH,"$19,752,882,682.03",1165.38,"16,949,675 BCH",
04/02/18,5,Cardano,ADA,"$9,834,219,715.37",0.38,"25,927,070,538 ADA",
04/02/18,6,Litecoin,LTC,"$8,151,907,849.49",148.02,"55,071,158 LTC",
04/02/18,7,Neo,NEO,"$6,984,561,729.43",107.45,"65,000,000 NEO *",
04/02/18,8,Stellar,XLM,"$6,954,711,728.45",0.38,"18,436,221,948 XLM *",
04/02/18,9,EOS,EOS,"$5,572,991,596.94",8.61,"647,596,109 EOS *",
04/02/18,10,NEM,XEM,"$4,957,834,302.83",0.55,"8,999,999,999 XEM *",
04/03/18,1,Bitcoin,BTC,"$194,566,959,663.10",11512.57,"16,900,387 BTC",
04/03/18,2,Ethereum,ETH,"$84,923,238,672.53",866.68,"97,987,073 ETH",
04/03/18,3,XRP,XRP,"$39,308,508,026.10",1.01,"39,091,956,706 XRP *",
04/03/18,4,Bitcoin Cash,BCH,"$21,914,233,031.30",1289.08,"16,999,938 BCH",
04/03/18,5,Litecoin,LTC,"$11,862,054,985.01",213.80,"55,482,245 LTC",
04/03/18,6,Cardano,ADA,"$7,798,526,586.52",0.30,"25,927,070,538 ADA",
04/03/18,7,Neo,NEO,"$7,758,290,939.33",119.36,"65,000,000 NEO *",
04/03/18,8,Stellar,XLM,"$6,684,174,191.36",0.36,"18,468,118,839 XLM *",
04/03/18,9,Monero,XMR,"$5,825,637,059.76",368.97,"15,788,753 XMR",
04/03/18,10,EOS,EOS,"$5,783,550,071.96",8.18,"707,168,090 EOS *",
01/04/18,1,Bitcoin,BTC,"$116,026,767,355.96",6844.23,"16,952,500 BTC",
01/04/18,2,Ethereum,ETH,"$37,413,358,766.58",379.61,"98,558,265 ETH",
01/04/18,3,XRP,XRP,"$18,964,013,318.93",0.49,"39,094,520,623 XRP *",
01/04/18,4,Bitcoin Cash,BCH,"$10,963,857,058.65",643.03,"17,050,388 BCH",
01/04/18,5,Litecoin,LTC,"$6,440,317,479.29",115.22,"55,894,645 LTC",
01/04/18,6,EOS,EOS,"$4,335,133,899.13",5.66,"765,408,485 EOS *",
01/04/18,7,Cardano,ADA,"$3,908,969,399.94",0.15,"25,927,070,538 ADA",
01/04/18,8,Stellar,XLM,"$3,832,217,994.86",0.21,"18,550,594,529 XLM *",
01/04/18,9,Neo,NEO,"$3,074,775,180.82",47.30,"65,000,000 NEO *",
01/04/18,10,Monero,XMR,"$2,788,623,376.39",175.51,"15,888,854 XMR",
06/05/18,1,Bitcoin,BTC,"$164,316,651,814.37",9654.80,"17,019,162 BTC",
06/05/18,2,Ethereum,ETH,"$78,656,648,100.44",792.31,"99,274,985 ETH",
06/05/18,3,XRP,XRP,"$34,140,866,995.40",0.87,"39,178,259,468 XRP *",
06/05/18,4,Bitcoin Cash,BCH,"$30,217,561,067.86",1765.69,"17,113,700 BCH",
06/05/18,5,EOS,EOS,"$14,658,768,268.23",17.47,"838,907,514 EOS *",
06/05/18,6,Litecoin,LTC,"$9,692,237,655.61",171.80,"56,415,788 LTC",
06/05/18,7,Cardano,ADA,"$9,075,008,460.42",0.35,"25,927,070,538 ADA",
06/05/18,8,Stellar,XLM,"$7,669,224,606.73",0.41,"18,572,059,123 XLM *",
06/05/18,9,IOTA,MIOTA,"$6,404,034,845.59",2.30,"2,779,530,283 MIOTA *",
06/05/18,10,TRON,TRX,"$5,573,995,101.82",0.08,"65,748,111,645 TRX",
03/06/18,1,Bitcoin,BTC,"$131,808,021,256.25",7720.25,"17,073,025 BTC",
03/06/18,2,Ethereum,ETH,"$61,740,777,136.86",618.33,"99,851,085 ETH",
03/06/18,3,XRP,XRP,"$26,339,121,770.19",0.67,"39,241,525,848 XRP *",
03/06/18,4,Bitcoin Cash,BCH,"$20,088,725,030.36",1170.40,"17,164,013 BCH",
03/06/18,5,EOS,EOS,"$13,102,392,599.23",14.62,"896,149,492 EOS *",
03/06/18,6,Litecoin,LTC,"$7,131,021,784.50",125.50,"56,820,673 LTC",
03/06/18,7,Cardano,ADA,"$5,915,377,308.38",0.23,"25,927,070,538 ADA",
03/06/18,8,Stellar,XLM,"$5,627,963,037.03",0.30,"18,579,529,837 XLM *",
03/06/18,9,IOTA,MIOTA,"$5,018,156,390.68",1.81,"2,779,530,283 MIOTA *",
03/06/18,10,TRON,TRX,"$4,074,959,562.48",0.06,"65,748,111,645 TRX",
01/07/18,1,Bitcoin,BTC,"$109,366,021,621.84",6385.82,"17,126,387 BTC",
01/07/18,2,Ethereum,ETH,"$45,585,861,644.53",453.92,"100,427,526 ETH",
01/07/18,3,XRP,XRP,"$18,113,883,122.32",0.46,"39,262,097,329 XRP *",
01/07/18,4,Bitcoin Cash,BCH,"$12,728,748,267.05",739.42,"17,214,388 BCH",
01/07/18,5,EOS,EOS,"$7,286,573,183.75",8.13,"896,149,492 EOS *",
01/07/18,6,Litecoin,LTC,"$4,591,722,923.09",80.24,"57,222,796 LTC",
01/07/18,7,Stellar,XLM,"$3,725,316,564.22",0.20,"18,760,439,185 XLM *",
01/07/18,8,Cardano,ADA,"$3,687,036,718.91",0.14,"25,927,070,538 ADA",
01/07/18,9,IOTA,MIOTA,"$2,973,402,385.05",1.07,"2,779,530,283 MIOTA *",
01/07/18,10,Tether,USDT,"$2,703,948,681.64",1.00,"2,707,140,346 USDT *",
05/08/18,1,Bitcoin,BTC,"$121,526,129,417.37",7068.48,"17,192,675 BTC",
05/08/18,2,Ethereum,ETH,"$41,521,726,568.03",410.52,"101,145,181 ETH",
05/08/18,3,XRP,XRP,"$17,041,936,839.31",0.43,"39,299,874,590 XRP *",
05/08/18,4,Bitcoin Cash,BCH,"$12,253,191,128.72",709.22,"17,277,025 BCH",
05/08/18,5,EOS,EOS,"$6,394,252,719.91",7.06,"906,245,118 EOS *",
05/08/18,6,Stellar,XLM,"$4,584,030,777.53",0.24,"18,770,261,348 XLM *",
05/08/18,7,Litecoin,LTC,"$4,305,371,522.04",74.59,"57,720,932 LTC",
05/08/18,8,Cardano,ADA,"$3,415,148,669.82",0.13,"25,927,070,538 ADA",
05/08/18,9,IOTA,MIOTA,"$2,531,280,519.72",0.91,"2,779,530,283 MIOTA *",
05/08/18,10,Tether,USDT,"$2,435,548,823.55",1.00,"2,437,140,346 USDT *",
02/09/18,1,Bitcoin,BTC,"$125,427,699,521.28",7272.72,"17,246,337 BTC",
02/09/18,2,Ethereum,ETH,"$29,942,684,302.64",294.37,"101,717,622 ETH",
02/09/18,3,XRP,XRP,"$13,581,073,194.53",0.34,"39,650,153,121 XRP *",
02/09/18,4,Bitcoin Cash,BCH,"$11,191,425,039.78",645.88,"17,327,413 BCH",
02/09/18,5,EOS,EOS,"$5,980,466,213.32",6.60,"906,245,118 EOS *",
02/09/18,6,Stellar,XLM,"$4,219,203,425.17",0.22,"18,773,347,184 XLM *",
02/09/18,7,Litecoin,LTC,"$3,815,602,835.10",65.65,"58,120,904 LTC",
02/09/18,8,Tether,USDT,"$2,835,999,243.48",1.00,"2,842,140,336 USDT *",
02/09/18,9,Cardano,ADA,"$2,707,627,078.72",0.10,"25,927,070,538 ADA",
02/09/18,10,IOTA,MIOTA,"$1,981,227,886.02",0.71,"2,779,530,283 MIOTA *",
07/10/18,1,Bitcoin,BTC,"$114,298,799,169.34",6602.95,"17,310,275 BTC",
07/10/18,2,Ethereum,ETH,"$23,161,718,295.12",226.12,"102,431,764 ETH",
07/10/18,3,XRP,XRP,"$19,250,423,140.09",0.48,"39,935,410,492 XRP *",
07/10/18,4,Bitcoin Cash,BCH,"$8,998,850,691.53",517.47,"17,390,150 BCH",
07/10/18,5,EOS,EOS,"$5,219,176,098.86",5.76,"906,245,118 EOS *",
07/10/18,6,Stellar,XLM,"$4,610,262,538.69",0.25,"18,806,826,278 XLM *",
07/10/18,7,Litecoin,LTC,"$3,409,619,931.88",58.16,"58,624,527 LTC",
07/10/18,8,Tether,USDT,"$2,796,926,995.61",1.00,"2,806,421,736 USDT *",
07/10/18,9,Cardano,ADA,"$2,194,940,618.06",0.08,"25,927,070,538 ADA",
07/10/18,10,Monero,XMR,"$1,872,936,437.84",113.72,"16,470,166 XMR",
04/11/18,1,Bitcoin,BTC,"$110,689,204,562.51",6376.13,"17,359,937 BTC",
04/11/18,2,Ethereum,ETH,"$21,371,396,109.51",207.49,"103,001,729 ETH",
04/11/18,3,XRP,XRP,"$18,602,749,467.80",0.46,"40,205,513,967 XRP *",
04/11/18,4,Bitcoin Cash,BCH,"$9,769,868,992.53",560.18,"17,440,500 BCH",
04/11/18,5,EOS,EOS,"$4,938,414,323.51",5.45,"906,245,118 EOS *",
04/11/18,6,Stellar,XLM,"$4,570,228,155.35",0.24,"18,913,564,720 XLM *",
04/11/18,7,Litecoin,LTC,"$3,164,414,394.80",53.61,"59,023,852 LTC",
04/11/18,8,Cardano,ADA,"$1,976,402,599.95",0.08,"25,927,070,538 ADA",
04/11/18,9,Monero,XMR,"$1,849,576,023.16",111.80,"16,544,184 XMR",
04/11/18,10,Tether,USDT,"$1,756,362,524.84",0.99,"1,776,421,736 USDT *",
02/12/18,1,Bitcoin,BTC,"$72,050,487,506.13",4139.88,"17,404,012 BTC",
02/12/18,2,XRP,XRP,"$14,825,428,857.61",0.37,"40,327,341,704 XRP *",
02/12/18,3,Ethereum,ETH,"$12,053,770,487.12",116.39,"103,564,606 ETH",
02/12/18,4,Stellar,XLM,"$3,070,486,824.37",0.16,"19,154,499,773 XLM *",
02/12/18,5,Bitcoin Cash,BCH,"$3,010,194,660.91",172.11,"17,489,600 BCH",
02/12/18,6,EOS,EOS,"$2,582,234,217.99",2.85,"906,245,118 EOS *",
02/12/18,7,Litecoin,LTC,"$2,002,705,712.11",33.71,"59,404,288 LTC",
02/12/18,8,Tether,USDT,"$1,853,398,856.15",1.00,"1,856,421,736 USDT *",
02/12/18,9,Bitcoin SV,BSV,"$1,754,285,184.08",100.37,"17,477,861 BSV",
02/12/18,10,Cardano,ADA,"$1,080,429,209.08",0.04,"25,927,070,538 ADA",
06/01/19,1,Bitcoin,BTC,"$71,206,795,852.79",4076.63,"17,467,062 BTC",
06/01/19,2,Ethereum,ETH,"$16,442,429,109.11",157.75,"104,233,441 ETH",
06/01/19,3,XRP,XRP,"$15,028,369,642.24",0.37,"40,794,121,066 XRP *",
06/01/19,4,Bitcoin Cash,BCH,"$2,928,444,441.06",166.84,"17,552,288 BCH",
06/01/19,5,EOS,EOS,"$2,605,701,210.90",2.88,"906,245,118 EOS *",
06/01/19,6,Litecoin,LTC,"$2,354,185,201.46",39.30,"59,904,678 LTC",
06/01/19,7,Stellar,XLM,"$2,306,881,891.24",0.12,"19,162,756,352 XLM *",
06/01/19,8,Tether,USDT,"$1,910,347,640.98",1.02,"1,866,343,584 USDT *",
06/01/19,9,Bitcoin SV,BSV,"$1,586,211,999.90",90.38,"17,551,311 BSV",
06/01/19,10,TRON,TRX,"$1,533,052,180.50",0.02,"66,641,117,515 TRX",
03/02/19,1,Bitcoin,BTC,"$60,681,847,607.58",3464.01,"17,517,787 BTC",
03/02/19,2,XRP,XRP,"$12,445,862,136.99",0.30,"41,163,466,448 XRP *",
03/02/19,3,Ethereum,ETH,"$11,254,870,706.43",107.49,"104,703,610 ETH",
03/02/19,4,EOS,EOS,"$2,152,844,813.25",2.38,"906,245,118 EOS *",
03/02/19,5,Bitcoin Cash,BCH,"$2,091,663,603.10",118.83,"17,602,425 BCH",
03/02/19,6,Tether,USDT,"$2,020,950,151.37",1.00,"2,020,855,917 USDT *",
03/02/19,7,Litecoin,LTC,"$2,016,740,847.84",33.44,"60,310,581 LTC",
03/02/19,8,TRON,TRX,"$1,696,159,965.92",0.03,"66,668,553,480 TRX",
03/02/19,9,Stellar,XLM,"$1,559,217,083.49",0.08,"19,167,472,159 XLM *",
03/02/19,10,Bitcoin SV,BSV,"$1,121,559,772.35",63.72,"17,601,461 BSV",
03/03/19,1,Bitcoin,BTC,"$67,592,376,373.20",3847.18,"17,569,350 BTC",
03/03/19,2,Ethereum,ETH,"$13,900,679,027.02",132.25,"105,109,567 ETH",
03/03/19,3,XRP,XRP,"$12,949,767,220.58",0.31,"41,432,141,931 XRP *",
03/03/19,4,EOS,EOS,"$3,220,736,331.65",3.55,"906,245,118 EOS *",
03/03/19,5,Litecoin,LTC,"$2,937,680,217.52",48.38,"60,720,561 LTC",
03/03/19,6,Bitcoin Cash,BCH,"$2,322,338,738.88",131.56,"17,652,813 BCH",
03/03/19,7,Tether,USDT,"$2,043,328,704.97",1.01,"2,022,657,817 USDT *",
03/03/19,8,Stellar,XLM,"$1,675,990,127.30",0.09,"19,212,285,695 XLM *",
03/03/19,9,Binance Coin,BNB,"$1,628,869,046.88",11.54,"141,175,490 BNB *",
03/03/19,10,TRON,TRX,"$1,515,198,953.40",0.02,"66,682,072,191 TRX",
07/04/19,1,Bitcoin,BTC,"$91,674,230,185.93",5198.90,"17,633,400 BTC",
07/04/19,2,Ethereum,ETH,"$18,424,576,820.42",174.53,"105,565,822 ETH",
07/04/19,3,XRP,XRP,"$15,021,731,304.72",0.36,"41,743,765,071 XRP *",
07/04/19,4,Bitcoin Cash,BCH,"$5,662,007,844.39",319.60,"17,716,113 BCH",
07/04/19,5,Litecoin,LTC,"$5,653,406,711.33",92.31,"61,242,136 LTC",
07/04/19,6,EOS,EOS,"$4,943,668,665.75",5.46,"906,245,118 EOS *",
07/04/19,7,Binance Coin,BNB,"$2,697,901,876.07",19.11,"141,175,490 BNB *",
07/04/19,8,Stellar,XLM,"$2,510,903,306.46",0.13,"19,269,668,926 XLM *",
07/04/19,9,Cardano,ADA,"$2,345,996,894.44",0.09,"25,927,070,538 ADA",
07/04/19,10,Tether,USDT,"$2,090,015,279.43",1.00,"2,080,443,204 USDT *",
05/05/19,1,Bitcoin,BTC,"$102,494,420,158.46",5795.71,"17,684,537 BTC",
05/05/19,2,Ethereum,ETH,"$17,317,292,590.97",163.45,"105,948,111 ETH",
05/05/19,3,XRP,XRP,"$12,724,692,457.41",0.30,"42,087,046,846 XRP *",
05/05/19,4,Bitcoin Cash,BCH,"$5,222,388,151.39",293.95,"17,766,400 BCH",
05/05/19,5,Litecoin,LTC,"$4,683,927,727.29",75.98,"61,643,308 LTC",
05/05/19,6,EOS,EOS,"$4,624,937,769.96",4.90,"944,573,944 EOS *",
05/05/19,7,Binance Coin,BNB,"$3,249,853,031.21",23.02,"141,175,490 BNB *",
05/05/19,8,Tether,USDT,"$2,786,657,649.43",1.00,"2,780,329,382 USDT *",
05/05/19,9,Stellar,XLM,"$1,892,994,496.69",0.10,"19,135,211,381 XLM *",
05/05/19,10,Cardano,ADA,"$1,714,978,393.80",0.07,"25,927,070,538 ADA",
02/06/19,1,Bitcoin,BTC,"$155,077,231,351.22",8742.96,"17,737,387 BTC",
02/06/19,2,Ethereum,ETH,"$28,732,949,884.75",270.23,"106,329,517 ETH",
02/06/19,3,XRP,XRP,"$18,761,924,960.17",0.44,"42,181,995,112 XRP *",
02/06/19,4,Bitcoin Cash,BCH,"$7,906,527,803.35",443.77,"17,816,663 BCH",
02/06/19,5,EOS,EOS,"$7,132,765,224.42",7.77,"917,511,591 EOS *",
02/06/19,6,Litecoin,LTC,"$7,117,549,253.45",114.70,"62,052,076 LTC",
02/06/19,7,Binance Coin,BNB,"$4,683,362,944.16",33.17,"141,175,490 BNB *",
02/06/19,8,Bitcoin SV,BSV,"$3,419,756,287.17",191.97,"17,814,373 BSV",
02/06/19,9,Tether,USDT,"$3,138,617,718.16",1.00,"3,131,993,375 USDT *",
02/06/19,10,Stellar,XLM,"$2,659,873,179.10",0.14,"19,327,248,744 XLM *",
07/07/19,1,Bitcoin,BTC,"$203,881,891,345.94",11450.85,"17,804,962 BTC",
07/07/19,2,Ethereum,ETH,"$32,650,611,905.72",305.70,"106,805,862 ETH",
07/07/19,3,XRP,XRP,"$16,900,947,895.06",0.40,"42,566,596,173 XRP *",
07/07/19,4,Litecoin,LTC,"$7,527,688,154.66",120.32,"62,563,441 LTC",
07/07/19,5,Bitcoin Cash,BCH,"$7,362,894,509.27",411.81,"17,879,363 BCH",
07/07/19,6,EOS,EOS,"$5,495,328,927.99",5.96,"922,278,076 EOS *",
07/07/19,7,Binance Coin,BNB,"$4,692,823,027.78",33.24,"141,175,490 BNB *",
07/07/19,8,Tether,USDT,"$3,710,332,354.50",1.00,"3,701,263,728 USDT *",
07/07/19,9,Bitcoin SV,BSV,"$3,563,006,593.27",199.55,"17,854,986 BSV",
07/07/19,10,TRON,TRX,"$2,329,386,104.44",0.03,"66,682,072,191 TRX",
04/08/19,1,Bitcoin,BTC,"$195,907,875,403.02",10970.18,"17,858,212 BTC",
04/08/19,2,Ethereum,ETH,"$23,867,371,248.81",222.67,"107,187,320 ETH",
04/08/19,3,XRP,XRP,"$13,712,472,284.60",0.32,"42,872,646,068 XRP *",
04/08/19,4,Bitcoin Cash,BCH,"$5,982,644,434.30",333.67,"17,929,638 BCH",
04/08/19,5,Litecoin,LTC,"$5,868,857,449.00",93.20,"62,968,018 LTC",
04/08/19,6,Binance Coin,BNB,"$4,285,994,666.62",27.56,"155,536,713 BNB *",
04/08/19,7,Tether,USDT,"$4,046,865,534.54",1.01,"4,026,461,173 USDT *",
04/08/19,8,EOS,EOS,"$3,928,841,375.24",4.24,"926,112,021 EOS *",
04/08/19,9,Bitcoin SV,BSV,"$2,687,245,449.40",150.50,"17,854,986 BSV",
04/08/19,10,Stellar,XLM,"$1,611,200,658.02",0.08,"19,617,693,058 XLM *",
01/09/19,1,Bitcoin,BTC,"$174,768,292,883.37",9757.97,"17,910,312 BTC",
01/09/19,2,Ethereum,ETH,"$18,461,846,967.60",171.63,"107,568,079 ETH",
01/09/19,3,XRP,XRP,"$11,092,364,971.53",0.26,"42,984,656,144 XRP *",
01/09/19,4,Bitcoin Cash,BCH,"$5,076,312,771.38",282.33,"17,980,125 BCH",
01/09/19,5,Litecoin,LTC,"$4,177,872,604.63",66.14,"63,162,599 LTC",
01/09/19,6,Tether,USDT,"$4,026,198,549.68",1.00,"4,007,869,728 USDT *",
01/09/19,7,Binance Coin,BNB,"$3,354,720,068.00",21.57,"155,536,713 BNB *",
01/09/19,8,EOS,EOS,"$3,047,908,479.86",3.28,"929,953,584 EOS *",
01/09/19,9,Bitcoin SV,BSV,"$2,314,946,418.42",129.65,"17,854,986 BSV",
01/09/19,10,Monero,XMR,"$1,233,580,704.17",71.78,"17,186,343 XMR",
06/10/19,1,Bitcoin,BTC,"$143,607,672,862.46",7988.16,"17,977,575 BTC",
06/10/19,2,Ethereum,ETH,"$18,697,637,484.06",173.06,"108,041,892 ETH",
06/10/19,3,XRP,XRP,"$11,112,666,133.08",0.26,"43,121,735,112 XRP *",
06/10/19,4,Tether,USDT,"$4,157,697,859.38",1.01,"4,108,044,456 USDT *",
06/10/19,5,Bitcoin Cash,BCH,"$4,031,015,784.73",223.41,"18,042,975 BCH",
06/10/19,6,Litecoin,LTC,"$3,513,746,873.64",55.41,"63,411,792 LTC",
06/10/19,7,EOS,EOS,"$2,760,544,953.59",2.95,"934,784,447 EOS *",
06/10/19,8,Binance Coin,BNB,"$2,387,329,910.37",15.35,"155,536,713 BNB *",
06/10/19,9,Bitcoin SV,BSV,"$1,466,721,705.85",82.15,"17,854,986 BSV",
06/10/19,10,Stellar,XLM,"$1,188,801,304.53",0.06,"20,117,691,449 XLM *",
03/11/19,1,Bitcoin,BTC,"$166,495,319,475.22",9235.35,"18,028,037 BTC",
03/11/19,2,Ethereum,ETH,"$19,777,347,724.09",182.43,"108,413,569 ETH",
03/11/19,3,XRP,XRP,"$12,596,463,117.22",0.29,"43,248,091,671 XRP *",
03/11/19,4,Bitcoin Cash,BCH,"$5,296,136,970.28",292.71,"18,093,425 BCH",
03/11/19,5,Tether,USDT,"$4,126,314,408.69",1.00,"4,108,044,456 USDT *",
03/11/19,6,Litecoin,LTC,"$3,728,676,101.93",58.63,"63,601,946 LTC",
03/11/19,7,Binance Coin,BNB,"$3,142,781,985.62",20.21,"155,536,713 BNB *",
03/11/19,8,EOS,EOS,"$3,083,125,736.82",3.28,"938,664,398 EOS *",
03/11/19,9,Bitcoin SV,BSV,"$2,341,224,259.14",129.58,"18,068,415 BSV",
03/11/19,10,Stellar,XLM,"$1,385,608,525.89",0.07,"20,054,779,654 XLM *",
01/12/19,1,Bitcoin,BTC,"$134,215,145,409.92",7424.29,"18,077,837 BTC",
01/12/19,2,Ethereum,ETH,"$16,443,650,814.39",151.19,"108,764,570 ETH",
01/12/19,3,XRP,XRP,"$9,756,884,340.97",0.23,"43,299,885,509 XRP *",
01/12/19,4,Tether,USDT,"$4,118,235,661.15",1.00,"4,108,044,456 USDT *",
01/12/19,5,Bitcoin Cash,BCH,"$3,922,144,119.00",216.17,"18,143,825 BCH",
01/12/19,6,Litecoin,LTC,"$3,041,545,709.07",47.71,"63,749,132 LTC",
01/12/19,7,EOS,EOS,"$2,618,290,742.23",2.78,"942,556,942 EOS *",
01/12/19,8,Binance Coin,BNB,"$2,410,249,227.29",15.50,"155,536,713 BNB *",
01/12/19,9,Bitcoin SV,BSV,"$1,884,411,960.68",104.29,"18,068,415 BSV",
01/12/19,10,Stellar,XLM,"$1,164,817,487.42",0.06,"20,054,779,554 XLM *",
05/01/20,1,Bitcoin,BTC,"$134,469,548,249.08",7411.32,"18,143,812 BTC",
05/01/20,2,Ethereum,ETH,"$14,875,569,429.66",136.28,"109,157,039 ETH",
05/01/20,3,XRP,XRP,"$8,474,172,239.53",0.20,"43,337,903,409 XRP *",
05/01/20,4,Tether,USDT,"$4,133,500,727.77",1.01,"4,108,044,456 USDT *",
05/01/20,5,Bitcoin Cash,BCH,"$4,080,035,773.48",224.10,"18,206,600 BCH",
05/01/20,6,Litecoin,LTC,"$2,778,396,524.61",43.55,"63,793,157 LTC",
05/01/20,7,EOS,EOS,"$2,559,643,917.93",2.70,"947,443,787 EOS *",
05/01/20,8,Binance Coin,BNB,"$2,194,781,442.97",14.11,"155,536,713 BNB *",
05/01/20,9,Bitcoin SV,BSV,"$2,003,156,469.14",110.87,"18,068,415 BSV",
05/01/20,10,Monero,XMR,"$940,587,960.20",54.10,"17,387,097 XMR",
02/02/20,1,Bitcoin,BTC,"$170,034,976,661.75",9344.37,"18,196,525 BTC",
02/02/20,2,Ethereum,ETH,"$20,660,936,266.93",188.62,"109,538,787 ETH",
02/02/20,3,XRP,XRP,"$10,953,472,897.59",0.25,"43,685,558,183 XRP *",
02/02/20,4,Bitcoin Cash,BCH,"$6,906,342,984.26",378.27,"18,257,563 BCH",
02/02/20,5,Bitcoin SV,BSV,"$5,051,860,964.60",276.74,"18,254,727 BSV",
02/02/20,6,Tether,USDT,"$4,644,893,208.29",1.00,"4,642,367,414 USDT *",
02/02/20,7,Litecoin,LTC,"$4,494,447,998.53",70.23,"63,994,722 LTC",
02/02/20,8,EOS,EOS,"$4,017,311,929.48",4.22,"951,370,481 EOS *",
02/02/20,9,Binance Coin,BNB,"$2,869,369,978.09",18.45,"155,536,713 BNB *",
02/02/20,10,Cardano,ADA,"$1,445,896,374.60",0.06,"25,927,070,538 ADA",
01/03/20,1,Bitcoin,BTC,"$156,238,987,739.91",8562.45,"18,246,987 BTC",
01/03/20,2,Ethereum,ETH,"$24,069,393,931.83",218.97,"109,920,665 ETH",
01/03/20,3,XRP,XRP,"$10,018,780,809.13",0.23,"43,779,512,655 XRP *",
01/03/20,4,Bitcoin Cash,BCH,"$5,735,791,486.26",313.30,"18,307,463 BCH",
01/03/20,5,Tether,USDT,"$4,644,680,725.41",1.00,"4,642,367,414 USDT *",
01/03/20,6,Bitcoin SV,BSV,"$4,182,980,992.03",228.52,"18,304,827 BSV",
01/03/20,7,Litecoin,LTC,"$3,720,790,354.57",57.96,"64,199,500 LTC",
01/03/20,8,EOS,EOS,"$3,253,825,123.55",3.53,"920,569,793 EOS *",
01/03/20,9,Binance Coin,BNB,"$2,949,478,829.75",18.96,"155,536,713 BNB *",
01/03/20,10,Tezos,XTZ,"$1,842,690,210.54",2.62,"702,487,452 XTZ *",
05/04/20,1,Bitcoin,BTC,"$124,328,853,511.62",6791.13,"18,307,537 BTC",
05/04/20,2,Ethereum,ETH,"$15,847,283,514.12",143.55,"110,398,143 ETH",
05/04/20,3,XRP,XRP,"$7,882,313,124.22",0.18,"43,935,664,307 XRP *",
05/04/20,4,Tether,USDT,"$6,183,665,131.11",1.00,"6,166,094,190 USDT *",
05/04/20,5,Bitcoin Cash,BCH,"$4,261,855,110.55",232.00,"18,370,225 BCH",
05/04/20,6,Bitcoin SV,BSV,"$3,211,817,401.41",174.86,"18,367,527 BSV",
05/04/20,7,Litecoin,LTC,"$2,620,968,038.64",40.67,"64,444,531 LTC",
05/04/20,8,EOS,EOS,"$2,177,343,710.71",2.36,"921,542,573 EOS *",
05/04/20,9,Binance Coin,BNB,"$2,136,159,300.30",13.73,"155,536,713 BNB *",
05/04/20,10,TAGZ5,TAGZ5,"$1,246,951,555.79",3.23,"385,792,398 TAGZ5 *",
03/05/20,1,Bitcoin,BTC,"$163,358,189,150.98",8897.47,"18,360,075 BTC",
03/05/20,2,Ethereum,ETH,"$23,367,177,866.63",210.93,"110,780,013 ETH",
03/05/20,3,XRP,XRP,"$9,678,990,068.20",0.22,"44,112,853,111 XRP *",
03/05/20,4,Tether,USDT,"$6,383,346,956.15",1.00,"6,361,032,509 USDT *",
03/05/20,5,Bitcoin Cash,BCH,"$4,646,164,981.03",252.54,"18,397,413 BCH",
03/05/20,6,Bitcoin SV,BSV,"$3,837,664,273.22",208.62,"18,395,852 BSV",
03/05/20,7,Litecoin,LTC,"$3,120,493,727.30",48.27,"64,650,456 LTC",
03/05/20,8,Binance Coin,BNB,"$2,663,768,292.97",17.13,"155,536,713 BNB *",
03/05/20,9,EOS,EOS,"$2,621,533,307.94",2.84,"922,323,058 EOS *",
03/05/20,10,Tezos,XTZ,"$1,944,016,243.63",2.74,"709,161,521 XTZ *",
07/06/20,1,Bitcoin,BTC,"$179,540,253,701.40",9758.85,"18,397,681 BTC",
07/06/20,2,Ethereum,ETH,"$27,276,459,502.40",245.17,"111,256,534 ETH",
07/06/20,3,Tether,USDT,"$9,215,681,003.70",1.00,"9,187,991,663 USDT *",
07/06/20,4,XRP,XRP,"$8,974,728,442.39",0.20,"44,112,853,111 XRP *",
07/06/20,5,Bitcoin Cash,BCH,"$4,687,107,479.81",254.34,"18,428,863 BCH",
07/06/20,6,Bitcoin SV,BSV,"$3,576,181,987.23",194.07,"18,427,383 BSV",
07/06/20,7,Litecoin,LTC,"$3,029,051,320.83",46.67,"64,906,385 LTC",
07/06/20,8,Binance Coin,BNB,"$2,713,654,464.64",17.45,"155,536,713 BNB *",
07/06/20,9,EOS,EOS,"$2,628,357,333.97",2.82,"933,298,819 EOS *",
07/06/20,10,Cardano,ADA,"$2,246,692,653.28",0.09,"25,927,070,538 ADA",
05/07/20,1,Bitcoin,BTC,"$167,181,726,153.66",9073.94,"18,424,375 BTC",
05/07/20,2,Ethereum,ETH,"$25,415,950,648.56",227.66,"111,637,693 ETH",
05/07/20,3,Tether,USDT,"$9,177,873,625.93",1.00,"9,187,991,663 USDT *",
05/07/20,4,XRP,XRP,"$7,834,382,404.72",0.18,"44,257,803,618 XRP *",
05/07/20,5,Bitcoin Cash,BCH,"$4,093,899,884.33",221.84,"18,454,019 BCH",
05/07/20,6,Bitcoin SV,BSV,"$2,837,147,462.43",153.75,"18,452,621 BSV",
05/07/20,7,Litecoin,LTC,"$2,702,477,997.47",41.60,"64,966,421 LTC",
05/07/20,8,Cardano,ADA,"$2,546,315,062.67",0.10,"25,927,070,538 ADA",
05/07/20,9,Binance Coin,BNB,"$2,407,743,526.74",15.48,"155,536,713 BNB *",
05/07/20,10,Crypto.com Coin,CRO,"$2,339,156,569.55",0.13,"17,962,100,457 CRO *",
02/08/20,1,Bitcoin,BTC,"$203,936,136,729.63",11053.61,"18,449,725 BTC",
02/08/20,2,Ethereum,ETH,"$41,522,323,563.25",370.67,"112,019,132 ETH",
02/08/20,3,XRP,XRP,"$12,878,374,454.02",0.29,"44,862,646,997 XRP *",
02/08/20,4,Tether,USDT,"$9,976,732,913.64",1.00,"9,998,221,723 USDT *",
02/08/20,5,Bitcoin Cash,BCH,"$5,244,023,472.11",283.78,"18,479,056 BCH",
02/08/20,6,Bitcoin SV,BSV,"$4,024,751,708.40",217.82,"18,477,746 BSV",
02/08/20,7,Litecoin,LTC,"$3,691,130,076.20",56.64,"65,166,596 LTC",
02/08/20,8,Cardano,ADA,"$3,461,382,969.29",0.13,"25,927,070,538 ADA",
02/08/20,9,Crypto.com Coin,CRO,"$3,041,187,799.17",0.16,"18,575,799,087 CRO *",
02/08/20,10,Binance Coin,BNB,"$3,024,579,086.60",20.94,"144,406,560 BNB *",
06/09/20,1,Bitcoin,BTC,"$189,997,214,393.29",10280.35,"18,481,587 BTC",
06/09/20,2,Ethereum,ETH,"$39,751,917,522.78",353.36,"112,496,215 ETH",
06/09/20,3,Tether,USDT,"$14,167,651,778.61",1.00,"14,127,559,420 USDT *",
06/09/20,4,XRP,XRP,"$10,835,602,512.30",0.24,"45,011,240,343 XRP *",
06/09/20,5,Chainlink,LINK,"$4,519,805,323.98",12.91,"350,000,000 LINK *",
06/09/20,6,Bitcoin Cash,BCH,"$4,228,811,551.55",228.45,"18,510,619 BCH",
06/09/20,7,Polkadot,DOT,"$4,092,255,324.16",4.80,"852,647,705 DOT *",
06/09/20,8,Binance Coin,BNB,"$3,348,883,883.94",23.19,"144,406,560 BNB *",
06/09/20,9,Litecoin,LTC,"$3,142,675,721.59",48.05,"65,399,420 LTC",
06/09/20,10,Bitcoin SV,BSV,"$3,026,277,242.17",163.50,"18,509,090 BSV",
04/10/20,1,Bitcoin,BTC,"$197,687,817,851.48",10669.58,"18,528,168 BTC",
04/10/20,2,Ethereum,ETH,"$39,907,132,066.83",352.58,"113,186,353 ETH",
04/10/20,3,Tether,USDT,"$16,391,711,492.85",1.00,"16,369,460,603 USDT *",
04/10/20,4,XRP,XRP,"$11,211,741,545.35",0.25,"45,266,091,298 XRP *",
04/10/20,5,Binance Coin,BNB,"$4,179,682,348.61",28.94,"144,406,561 BNB *",
04/10/20,6,Bitcoin Cash,BCH,"$4,108,245,727.71",221.39,"18,556,400 BCH",
04/10/20,7,Chainlink,LINK,"$3,663,302,289.91",9.40,"389,509,556 LINK *",
04/10/20,8,Polkadot,DOT,"$3,558,875,853.01",4.17,"852,647,705 DOT *",
04/10/20,9,Crypto.com Coin,CRO,"$3,120,909,886.28",0.15,"20,960,730,594 CRO *",
04/10/20,10,Litecoin,LTC,"$3,072,828,147.16",46.73,"65,756,928 LTC",
01/11/20,1,Bitcoin,BTC,"$254,569,759,062.59",13737.11,"18,531,537 BTC",
01/11/20,2,Ethereum,ETH,"$44,888,307,221.41",396.36,"113,251,873 ETH",
01/11/20,3,Tether,USDT,"$16,660,908,761.15",1.00,"16,654,602,134 USDT *",
01/11/20,4,XRP,XRP,"$10,859,147,268.26",0.24,"45,284,665,028 XRP *",
01/11/20,5,Bitcoin Cash,BCH,"$4,966,023,215.63",267.56,"18,560,700 BCH",
01/11/20,6,Chainlink,LINK,"$4,505,164,094.00",11.54,"390,509,556 LINK *",
01/11/20,7,Binance Coin,BNB,"$4,110,036,786.41",28.46,"144,406,561 BNB *",
01/11/20,8,Litecoin,LTC,"$3,656,933,388.56",55.59,"65,786,828 LTC",
01/11/20,9,Polkadot,DOT,"$3,602,960,876.34",4.23,"852,647,705 DOT *",
01/11/20,10,Bitcoin SV,BSV,"$3,055,524,326.97",164.64,"18,559,177 BSV",
06/12/20,1,Bitcoin,BTC,"$359,123,541,247.06",19345.12,"18,564,037 BTC",
06/12/20,2,Ethereum,ETH,"$68,452,719,868.01",601.91,"113,726,030 ETH",
06/12/20,3,XRP,XRP,"$28,100,510,377.08",0.62,"45,334,295,892 XRP *",
06/12/20,4,Tether,USDT,"$19,683,467,750.66",1.00,"19,659,810,789 USDT *",
06/12/20,5,Litecoin,LTC,"$5,517,178,550.56",83.56,"66,030,236 LTC",
06/12/20,6,Chainlink,LINK,"$5,336,371,894.38",13.49,"395,509,556 LINK *",
06/12/20,7,Bitcoin Cash,BCH,"$5,324,074,006.72",286.36,"18,592,494 BCH",
06/12/20,8,Cardano,ADA,"$4,942,739,300.77",0.16,"31,112,484,646 ADA",
06/12/20,9,Polkadot,DOT,"$4,547,051,375.88",5.14,"885,352,072 DOT *",
06/12/20,10,Binance Coin,BNB,"$4,265,885,902.99",29.54,"144,406,561 BNB *",
03/01/21,1,Bitcoin,BTC,"$609,409,213,147.03",32782.02,"18,589,737 BTC",
03/01/21,2,Ethereum,ETH,"$111,309,985,610.91",975.51,"114,104,675 ETH",
03/01/21,3,Tether,USDT,"$21,340,101,768.04",1.00,"21,329,136,250 USDT *",
03/01/21,4,Litecoin,LTC,"$10,610,100,156.81",160.19,"66,234,230 LTC",
03/01/21,5,XRP,XRP,"$10,254,417,776.80",0.23,"45,404,028,640 XRP *",
03/01/21,6,Polkadot,DOT,"$8,995,148,461.43",10.03,"896,530,965 DOT *",
03/01/21,7,Bitcoin Cash,BCH,"$7,845,655,333.38",421.79,"18,600,863 BCH",
03/01/21,8,Cardano,ADA,"$6,377,915,101.91",0.21,"31,112,484,646 ADA",
03/01/21,9,Binance Coin,BNB,"$5,942,182,740.66",41.15,"144,406,561 BNB *",
03/01/21,10,Chainlink,LINK,"$5,453,374,284.89",13.65,"399,509,556 LINK *",
07/02/21,1,Bitcoin,BTC,"$724,478,833,211.10",38903.44,"18,622,487 BTC",
07/02/21,2,Ethereum,ETH,"$184,955,254,624.65",1614.23,"114,578,160 ETH",
07/02/21,3,Tether,USDT,"$28,640,986,238.57",1.00,"28,606,332,458 USDT *",
07/02/21,4,Cardano,ADA,"$20,634,977,898.63",0.66,"31,112,484,646 ADA",
07/02/21,5,XRP,XRP,"$18,976,956,806.59",0.42,"45,404,028,640 XRP *",
07/02/21,6,Polkadot,DOT,"$17,972,785,450.43",19.79,"908,009,247 DOT *",
07/02/21,7,Binance Coin,BNB,"$10,599,484,196.39",68.59,"154,532,785 BNB *",
07/02/21,8,Chainlink,LINK,"$10,052,631,510.17",24.79,"405,509,556 LINK *",
07/02/21,9,Litecoin,LTC,"$10,041,267,657.73",151.14,"66,436,829 LTC",
07/02/21,10,Dogecoin,DOGE,"$10,105,792,829.48",0.08,"128,275,738,389 DOGE",
07/03/21,1,Bitcoin,BTC,"$954,880,954,584.64",51206.69,"18,647,581 BTC",
07/03/21,2,Ethereum,ETH,"$198,088,541,069.55",1723.15,"114,956,971 ETH",
07/03/21,3,Binance Coin,BNB,"$37,115,563,234.61",240.18,"154,532,785 BNB *",
07/03/21,4,Tether,USDT,"$36,472,973,681.61",1.00,"36,461,381,803 USDT *",
07/03/21,5,Cardano,ADA,"$36,209,148,044.41",1.13,"31,948,309,441 ADA",
07/03/21,6,Polkadot,DOT,"$32,235,883,114.92",35.19,"916,087,270 DOT *",
07/03/21,7,XRP,XRP,"$21,197,655,054.81",0.47,"45,404,028,640 XRP *",
07/03/21,8,Uniswap,UNI,"$17,864,556,536.12",34.28,"521,162,962 UNI *",
07/03/21,9,Litecoin,LTC,"$12,707,914,232.95",190.76,"66,617,600 LTC",
07/03/21,10,Chainlink,LINK,"$11,747,862,015.92",28.55,"411,509,556 LINK *",
04/04/21,1,Bitcoin,BTC,"$1,097,232,660,348.16",58758.56,"18,673,581 BTC",
04/04/21,2,Ethereum,ETH,"$241,411,837,678.00",2093.12,"115,335,723 ETH",
04/04/21,3,Binance Coin,BNB,"$54,337,497,318.26",351.62,"154,532,785 BNB *",
04/04/21,4,Tether,USDT,"$42,503,862,983.73",1.00,"42,359,752,850 USDT *",
04/04/21,5,Polkadot,DOT,"$41,344,587,411.55",44.65,"925,924,767 DOT *",
04/04/21,6,Cardano,ADA,"$38,063,850,600.58",1.19,"31,948,309,441 ADA",
04/04/21,7,XRP,XRP,"$29,364,108,460.54",0.65,"45,404,028,640 XRP *",
04/04/21,8,Uniswap,UNI,"$16,219,657,547.08",31.07,"522,110,657 UNI *",
04/04/21,9,Litecoin,LTC,"$13,620,356,609.06",204.04,"66,752,415 LTC",
04/04/21,10,Chainlink,LINK,"$12,924,960,735.92",30.96,"417,509,556 LINK *",
02/05/21,1,Bitcoin,BTC,"$1,058,862,005,057.49",56631.08,"18,697,543 BTC",
02/05/21,2,Ethereum,ETH,"$341,593,133,885.93",2952.06,"115,713,634 ETH",
02/05/21,3,Binance Coin,BNB,"$95,450,760,763.81",622.10,"153,432,897 BNB *",
02/05/21,4,XRP,XRP,"$70,950,198,082.14",1.56,"45,404,028,640 XRP *",
02/05/21,5,Tether,USDT,"$51,788,836,339.95",1.00,"51,781,989,851 USDT *",
02/05/21,6,Dogecoin,DOGE,"$48,672,985,630.28",0.38,"129,433,561,915 DOGE",
02/05/21,7,Cardano,ADA,"$42,389,411,930.29",1.33,"31,948,309,441 ADA",
02/05/21,8,Polkadot,DOT,"$34,253,692,068.17",36.65,"934,500,915 DOT *",
02/05/21,9,Uniswap,UNI,"$22,153,449,417.44",42.33,"523,384,244 UNI *",
02/05/21,10,Bitcoin Cash,BCH,"$18,250,673,622.11",974.66,"18,725,256 BCH",
06/06/21,1,Bitcoin,BTC,"$671,652,557,855.13",35862.38,"18,728,612 BTC",
06/06/21,2,Ethereum,ETH,"$315,453,931,557.77",2715.09,"116,185,328 ETH",
06/06/21,3,Tether,USDT,"$62,298,516,610.60",1.00,"62,246,255,385 USDT *",
06/06/21,4,Binance Coin,BNB,"$60,424,976,235.95",393.82,"153,432,897 BNB *",
06/06/21,5,Cardano,ADA,"$53,617,195,304.14",1.68,"31,948,309,441 ADA",
06/06/21,6,Dogecoin,DOGE,"$48,302,113,585.76",0.37,"129,911,764,841 DOGE",
06/06/21,7,XRP,XRP,"$43,625,920,334.92",0.95,"46,151,013,329 XRP *",
06/06/21,8,USD Coin,USDC,"$23,003,536,496.45",1.00,"22,990,271,580 USDC *",
06/06/21,9,Polkadot,DOT,"$22,881,676,131.14",24.20,"945,461,319 DOT *",
06/06/21,10,Uniswap,UNI,"$14,639,766,964.58",25.91,"564,969,717 UNI *",
04/07/21,1,Bitcoin,BTC,"$661,574,836,314.86",35287.78,"18,747,987 BTC","$24,924,307,911.11"
04/07/21,2,Ethereum,ETH,"$270,621,669,241.04",2321.72,"116,560,649 ETH","$18,787,107,473.09"
04/07/21,3,Tether,USDT,"$62,342,742,987.58",1.00,"62,373,875,280 USDT *","$43,066,655,707.51"
04/07/21,4,Binance Coin,BNB,"$47,216,226,923.60",307.73,"153,432,897 BNB *","$1,387,395,766.17"
04/07/21,5,Cardano,ADA,"$46,583,637,655.56",1.46,"31,946,328,269 ADA","$1,806,362,471.43"
04/07/21,6,Dogecoin,DOGE,"$32,117,665,810.75",0.25,"130,303,772,350 DOGE","$973,511,518.61"
04/07/21,7,XRP,XRP,"$32,069,596,319.39",0.69,"46,146,927,647 XRP *","$1,885,241,526.85"
04/07/21,8,USD Coin,USDC,"$25,511,718,609.01",1.00,"25,524,471,079 USDC *","$1,578,667,344.18"
04/07/21,9,Polkadot,DOT,"$15,335,470,065.50",16.01,"957,627,383 DOT *","$752,075,892.77"
04/07/21,10,Uniswap,UNI,"$12,198,611,170.77",20.77,"587,265,785 UNI *","$540,490,915.07"
01/08/21,1,Bitcoin,BTC,"$750,472,428,208.37",39974.90,"18,773,593 BTC",
01/08/21,2,Ethereum,ETH,"$299,564,961,374.27",2561.85,"116,932,962 ETH",
01/08/21,3,Tether,USDT,"$61,892,139,970.20",1.00,"61,871,052,218 USDT *",
01/08/21,4,Binance Coin,BNB,"$56,071,010,565.43",333.48,"168,137,036 BNB *",
01/08/21,5,Cardano,ADA,"$42,274,401,646.46",1.32,"32,081,226,995 ADA",
01/08/21,6,XRP,XRP,"$33,619,230,716.93",0.73,"46,312,443,360 XRP *",
01/08/21,7,USD Coin,USDC,"$27,421,062,363.65",1.00,"27,416,649,779 USDC *",
01/08/21,8,Dogecoin,DOGE,"$26,715,951,374.75",0.20,"130,680,456,088 DOGE",
01/08/21,9,Polkadot,DOT,"$18,050,367,644.58",18.41,"980,254,252 DOT *",
01/08/21,10,Uniswap,UNI,"$12,941,271,988.56",22.03,"587,376,043 UNI *",
05/09/21,1,Bitcoin,BTC,"$973,354,882,472.78",51753.41,"18,807,550 BTC",
05/09/21,2,Ethereum,ETH,"$463,997,267,858.18",3952.13,"117,404,250 ETH",
05/09/21,3,Cardano,ADA,"$93,187,277,515.33",2.91,"32,014,049,408 ADA",
05/09/21,4,Binance Coin,BNB,"$84,845,287,773.55",504.62,"168,137,036 BNB *",
05/09/21,5,Tether,USDT,"$66,796,325,582.43",1.00,"66,778,877,886 USDT *",
05/09/21,6,XRP,XRP,"$60,760,906,594.85",1.31,"46,542,338,341 XRP *",
05/09/21,7,Solana,SOL,"$41,399,255,561.46",142.07,"291,398,606 SOL *",
05/09/21,8,Dogecoin,DOGE,"$41,252,120,931.82",0.31,"131,155,870,131 DOGE",
05/09/21,9,Polkadot,DOT,"$33,981,408,465.06",34.41,"987,579,315 DOT *",
05/09/21,10,USD Coin,USDC,"$27,797,091,080.19",1.00,"27,808,907,632 USDC *",
03/10/21,1,Bitcoin,BTC,"$907,791,525,235.93",48199.95,"18,833,868 BTC",
03/10/21,2,Ethereum,ETH,"$402,619,122,253.94",3418.36,"117,781,416 ETH",
03/10/21,3,Binance Coin,BNB,"$72,384,475,441.52",430.51,"168,137,036 BNB *",
03/10/21,4,Cardano,ADA,"$72,177,771,731.76",2.25,"32,038,100,544 ADA",
03/10/21,5,Tether,USDT,"$68,037,739,842.11",1.00,"68,024,069,675 USDT *",
03/10/21,6,Solana,SOL,"$51,403,969,858.98",172.59,"297,840,086 SOL *",
03/10/21,7,XRP,XRP,"$49,329,658,369.86",1.06,"46,750,439,262 XRP *",
03/10/21,8,USD Coin,USDC,"$32,215,973,731.74",1.00,"32,226,249,729 USDC *",
03/10/21,9,Polkadot,DOT,"$31,706,484,564.47",32.11,"987,579,315 DOT *",
03/10/21,10,Dogecoin,DOGE,"$29,169,261,268.22",0.22,"131,542,299,403 DOGE",
07/11/21,1,Bitcoin,BTC,"$1,194,778,776,481.15",63326.99,"18,866,818 BTC",
07/11/21,2,Ethereum,ETH,"$546,381,671,971.18",4620.55,"118,250,238 ETH",
07/11/21,3,Binance Coin,BNB,"$108,496,484,780.49",650.45,"166,801,148 BNB *",
07/11/21,4,Solana,SOL,"$75,574,730,064.49",249.82,"302,512,515 SOL *",
07/11/21,5,Tether,USDT,"$72,645,304,847.62",1.00,"72,535,304,635 USDT *",
07/11/21,6,Cardano,ADA,"$67,297,292,605.33",2.02,"33,284,645,198 ADA",
07/11/21,7,XRP,XRP,"$57,323,540,669.26",1.22,"47,081,679,946 XRP *",
07/11/21,8,Polkadot,DOT,"$51,628,651,803.81",52.28,"987,579,315 DOT *",
07/11/21,9,Dogecoin,DOGE,"$35,160,145,471.21",0.27,"132,024,846,344 DOGE",
07/11/21,10,USD Coin,USDC,"$34,343,466,491.13",1.00,"34,321,193,884 USDC *",
05/12/21,1,Bitcoin,BTC,"$932,695,365,142.40",49368.85,"18,892,387 BTC",
05/12/21,2,Ethereum,ETH,"$498,007,875,686.39",4198.32,"118,620,671 ETH",
05/12/21,3,Binance Coin,BNB,"$93,038,857,104.01",557.78,"166,801,148 BNB *",
05/12/21,4,Tether,USDT,"$75,159,692,180.87",1.00,"75,112,354,134 USDT *",
05/12/21,5,Solana,SOL,"$59,983,315,118.44",196.17,"305,774,824 SOL *",
05/12/21,6,Cardano,ADA,"$45,909,141,522.15",1.38,"33,313,246,915 ADA",
05/12/21,7,USD Coin,USDC,"$40,884,696,965.55",1.00,"40,937,321,254 USDC *",
05/12/21,8,XRP,XRP,"$38,062,181,528.71",0.81,"47,247,295,769 XRP *",
05/12/21,9,Polkadot,DOT,"$27,958,507,597.69",28.31,"987,579,315 DOT *",
05/12/21,10,Terra,LUNA,"$26,270,930,242.37",68.11,"385,738,053 LUNA *",